email,password
MaribelGonzalez3@whatthefish.info,$2a$10$Mc5rsBz5D7h0fQLmeU3ZDuj1p77dDGX8m8gyeXODmgy9LaLIG9v0O
PabloEscrig89@whatthefish.info,$2a$10$Mc5rsBz5D7h0fQLmeU3ZDuj1p77dDGX8m8gyeXODmgy9LaLIG9v0O
VictorinoMateos970@whatthefish.info,$2a$10$Mc5rsBz5D7h0fQLmeU3ZDuj1p77dDGX8m8gyeXODmgy9LaLIG9v0O
SilviuParent612@whatthefish.info,$2a$10$Mc5rsBz5D7h0fQLmeU3ZDuj1p77dDGX8m8gyeXODmgy9LaLIG9v0O
AngelGonzalez132@whatthefish.info,$2a$10$Mc5rsBz5D7h0fQLmeU3ZDuj1p77dDGX8m8gyeXODmgy9LaLIG9v0O
AntoniaTejero905@whatthefish.info,$2a$10$Mc5rsBz5D7h0fQLmeU3ZDuj1p77dDGX8m8gyeXODmgy9LaLIG9v0O
DanielArrizabalaga558@whatthefish.info,$2a$10$Mc5rsBz5D7h0fQLmeU3ZDuj1p77dDGX8m8gyeXODmgy9LaLIG9v0O
IñigoSalvo828@whatthefish.info,$2a$10$Mc5rsBz5D7h0fQLmeU3ZDuj1p77dDGX8m8gyeXODmgy9LaLIG9v0O
ManuelPeña456@whatthefish.info,$2a$10$Mc5rsBz5D7h0fQLmeU3ZDuj1p77dDGX8m8gyeXODmgy9LaLIG9v0O
GerardVelasco346@whatthefish.info,$2a$10$Mc5rsBz5D7h0fQLmeU3ZDuj1p77dDGX8m8gyeXODmgy9LaLIG9v0O
EugenioLopez248@whatthefish.info,$2a$10$Mc5rsBz5D7h0fQLmeU3ZDuj1p77dDGX8m8gyeXODmgy9LaLIG9v0O
LeticiaMartinez125@whatthefish.info,$2a$10$Mc5rsBz5D7h0fQLmeU3ZDuj1p77dDGX8m8gyeXODmgy9LaLIG9v0O
VictorFernandoMarin287@whatthefish.info,$2a$10$Mc5rsBz5D7h0fQLmeU3ZDuj1p77dDGX8m8gyeXODmgy9LaLIG9v0O
MariaMarSanchez665@whatthefish.info,$2a$10$Mc5rsBz5D7h0fQLmeU3ZDuj1p77dDGX8m8gyeXODmgy9LaLIG9v0O
MariaCarmenLopez5@whatthefish.info,$2a$10$Mc5rsBz5D7h0fQLmeU3ZDuj1p77dDGX8m8gyeXODmgy9LaLIG9v0O
FatimaMartinez953@whatthefish.info,$2a$10$Mc5rsBz5D7h0fQLmeU3ZDuj1p77dDGX8m8gyeXODmgy9LaLIG9v0O
ConstantinoFraile988@whatthefish.info,$2a$10$Mc5rsBz5D7h0fQLmeU3ZDuj1p77dDGX8m8gyeXODmgy9LaLIG9v0O
ManuelaBarreiro649@whatthefish.info,$2a$10$Mc5rsBz5D7h0fQLmeU3ZDuj1p77dDGX8m8gyeXODmgy9LaLIG9v0O
FranciscoJavierGraña941@whatthefish.info,$2a$10$Mc5rsBz5D7h0fQLmeU3ZDuj1p77dDGX8m8gyeXODmgy9LaLIG9v0O
MariaAureaBenavides840@whatthefish.info,$2a$10$Mc5rsBz5D7h0fQLmeU3ZDuj1p77dDGX8m8gyeXODmgy9LaLIG9v0O
LuisRamos729@whatthefish.info,$2a$10$Mc5rsBz5D7h0fQLmeU3ZDuj1p77dDGX8m8gyeXODmgy9LaLIG9v0O
SoledadCordon489@whatthefish.info,$2a$10$Mc5rsBz5D7h0fQLmeU3ZDuj1p77dDGX8m8gyeXODmgy9LaLIG9v0O
JavierRomero865@whatthefish.info,$2a$10$Mc5rsBz5D7h0fQLmeU3ZDuj1p77dDGX8m8gyeXODmgy9LaLIG9v0O
GonzaloLavilla616@whatthefish.info,$2a$10$Mc5rsBz5D7h0fQLmeU3ZDuj1p77dDGX8m8gyeXODmgy9LaLIG9v0O
DoloresNavarro170@whatthefish.info,$2a$10$Mc5rsBz5D7h0fQLmeU3ZDuj1p77dDGX8m8gyeXODmgy9LaLIG9v0O
OscarSenra210@whatthefish.info,$2a$10$Mc5rsBz5D7h0fQLmeU3ZDuj1p77dDGX8m8gyeXODmgy9LaLIG9v0O
VictorLage867@whatthefish.info,$2a$10$Mc5rsBz5D7h0fQLmeU3ZDuj1p77dDGX8m8gyeXODmgy9LaLIG9v0O
IanSalazar143@whatthefish.info,$2a$10$Mc5rsBz5D7h0fQLmeU3ZDuj1p77dDGX8m8gyeXODmgy9LaLIG9v0O
SaturninoRodriguez293@whatthefish.info,$2a$10$Mc5rsBz5D7h0fQLmeU3ZDuj1p77dDGX8m8gyeXODmgy9LaLIG9v0O
CristianMartinez402@whatthefish.info,$2a$10$Mc5rsBz5D7h0fQLmeU3ZDuj1p77dDGX8m8gyeXODmgy9LaLIG9v0O
RosarioOliva175@whatthefish.info,$2a$10$Mc5rsBz5D7h0fQLmeU3ZDuj1p77dDGX8m8gyeXODmgy9LaLIG9v0O
AgapitoSantana528@whatthefish.info,$2a$10$Mc5rsBz5D7h0fQLmeU3ZDuj1p77dDGX8m8gyeXODmgy9LaLIG9v0O
JoseMiguelGamez987@whatthefish.info,$2a$10$Mc5rsBz5D7h0fQLmeU3ZDuj1p77dDGX8m8gyeXODmgy9LaLIG9v0O
VirginiaLopez873@whatthefish.info,$2a$10$Mc5rsBz5D7h0fQLmeU3ZDuj1p77dDGX8m8gyeXODmgy9LaLIG9v0O
MariaAsuncionFont792@whatthefish.info,$2a$10$Mc5rsBz5D7h0fQLmeU3ZDuj1p77dDGX8m8gyeXODmgy9LaLIG9v0O
ClotildeGutierrez716@whatthefish.info,$2a$10$Mc5rsBz5D7h0fQLmeU3ZDuj1p77dDGX8m8gyeXODmgy9LaLIG9v0O
IsabelLopez350@whatthefish.info,$2a$10$Mc5rsBz5D7h0fQLmeU3ZDuj1p77dDGX8m8gyeXODmgy9LaLIG9v0O
FelixZapatero951@whatthefish.info,$2a$10$Mc5rsBz5D7h0fQLmeU3ZDuj1p77dDGX8m8gyeXODmgy9LaLIG9v0O
ValentinaChamorro313@whatthefish.info,$2a$10$Mc5rsBz5D7h0fQLmeU3ZDuj1p77dDGX8m8gyeXODmgy9LaLIG9v0O
JoaquinBañeres542@whatthefish.info,$2a$10$Mc5rsBz5D7h0fQLmeU3ZDuj1p77dDGX8m8gyeXODmgy9LaLIG9v0O
AlbaGuzman912@whatthefish.info,$2a$10$Mc5rsBz5D7h0fQLmeU3ZDuj1p77dDGX8m8gyeXODmgy9LaLIG9v0O
AngelSala820@whatthefish.info,$2a$10$Mc5rsBz5D7h0fQLmeU3ZDuj1p77dDGX8m8gyeXODmgy9LaLIG9v0O
AngelMoreno272@whatthefish.info,$2a$10$Mc5rsBz5D7h0fQLmeU3ZDuj1p77dDGX8m8gyeXODmgy9LaLIG9v0O
JoseLuisBarrera492@whatthefish.info,$2a$10$Mc5rsBz5D7h0fQLmeU3ZDuj1p77dDGX8m8gyeXODmgy9LaLIG9v0O
AnaMarin150@whatthefish.info,$2a$10$Mc5rsBz5D7h0fQLmeU3ZDuj1p77dDGX8m8gyeXODmgy9LaLIG9v0O
LeandroAntonioBau55@whatthefish.info,$2a$10$Mc5rsBz5D7h0fQLmeU3ZDuj1p77dDGX8m8gyeXODmgy9LaLIG9v0O
MariaCarmenFente816@whatthefish.info,$2a$10$Mc5rsBz5D7h0fQLmeU3ZDuj1p77dDGX8m8gyeXODmgy9LaLIG9v0O
LuisaOtero617@whatthefish.info,$2a$10$Mc5rsBz5D7h0fQLmeU3ZDuj1p77dDGX8m8gyeXODmgy9LaLIG9v0O
FranciscoTejerina317@whatthefish.info,$2a$10$Mc5rsBz5D7h0fQLmeU3ZDuj1p77dDGX8m8gyeXODmgy9LaLIG9v0O
GorkaGarcia985@whatthefish.info,$2a$10$Mc5rsBz5D7h0fQLmeU3ZDuj1p77dDGX8m8gyeXODmgy9LaLIG9v0O
OlgaLopez46@whatthefish.info,$2a$10$Mc5rsBz5D7h0fQLmeU3ZDuj1p77dDGX8m8gyeXODmgy9LaLIG9v0O
MiguelAngelGonzalez823@whatthefish.info,$2a$10$Mc5rsBz5D7h0fQLmeU3ZDuj1p77dDGX8m8gyeXODmgy9LaLIG9v0O
MiguelChango358@whatthefish.info,$2a$10$Mc5rsBz5D7h0fQLmeU3ZDuj1p77dDGX8m8gyeXODmgy9LaLIG9v0O
CarlosCalvo758@whatthefish.info,$2a$10$Mc5rsBz5D7h0fQLmeU3ZDuj1p77dDGX8m8gyeXODmgy9LaLIG9v0O
MariaMarPerez479@whatthefish.info,$2a$10$Mc5rsBz5D7h0fQLmeU3ZDuj1p77dDGX8m8gyeXODmgy9LaLIG9v0O
VictoriaSierra578@whatthefish.info,$2a$10$Mc5rsBz5D7h0fQLmeU3ZDuj1p77dDGX8m8gyeXODmgy9LaLIG9v0O
SebastianNavarro503@whatthefish.info,$2a$10$Mc5rsBz5D7h0fQLmeU3ZDuj1p77dDGX8m8gyeXODmgy9LaLIG9v0O
MariaPicon721@whatthefish.info,$2a$10$Mc5rsBz5D7h0fQLmeU3ZDuj1p77dDGX8m8gyeXODmgy9LaLIG9v0O
RocioMurillo79@whatthefish.info,$2a$10$Mc5rsBz5D7h0fQLmeU3ZDuj1p77dDGX8m8gyeXODmgy9LaLIG9v0O
JoseLuisFernandez874@whatthefish.info,$2a$10$Mc5rsBz5D7h0fQLmeU3ZDuj1p77dDGX8m8gyeXODmgy9LaLIG9v0O
MariaVictoriaDura918@whatthefish.info,$2a$10$Mc5rsBz5D7h0fQLmeU3ZDuj1p77dDGX8m8gyeXODmgy9LaLIG9v0O
AlbertoGallego364@whatthefish.info,$2a$10$Mc5rsBz5D7h0fQLmeU3ZDuj1p77dDGX8m8gyeXODmgy9LaLIG9v0O
VictorRouco888@whatthefish.info,$2a$10$Mc5rsBz5D7h0fQLmeU3ZDuj1p77dDGX8m8gyeXODmgy9LaLIG9v0O
ShabbirLlanos48@whatthefish.info,$2a$10$Mc5rsBz5D7h0fQLmeU3ZDuj1p77dDGX8m8gyeXODmgy9LaLIG9v0O
AnaElizabethMoreno71@whatthefish.info,$2a$10$Mc5rsBz5D7h0fQLmeU3ZDuj1p77dDGX8m8gyeXODmgy9LaLIG9v0O
RosaMariaCantero393@whatthefish.info,$2a$10$Mc5rsBz5D7h0fQLmeU3ZDuj1p77dDGX8m8gyeXODmgy9LaLIG9v0O
JuanCarlosSanchez359@whatthefish.info,$2a$10$Mc5rsBz5D7h0fQLmeU3ZDuj1p77dDGX8m8gyeXODmgy9LaLIG9v0O
IsabelLlamazares665@whatthefish.info,$2a$10$Mc5rsBz5D7h0fQLmeU3ZDuj1p77dDGX8m8gyeXODmgy9LaLIG9v0O
FernandoManuelDominguez521@whatthefish.info,$2a$10$Mc5rsBz5D7h0fQLmeU3ZDuj1p77dDGX8m8gyeXODmgy9LaLIG9v0O
JuanManuelMarine154@whatthefish.info,$2a$10$Mc5rsBz5D7h0fQLmeU3ZDuj1p77dDGX8m8gyeXODmgy9LaLIG9v0O
RubenDeLosSantos829@whatthefish.info,$2a$10$Mc5rsBz5D7h0fQLmeU3ZDuj1p77dDGX8m8gyeXODmgy9LaLIG9v0O
JuanChaves629@whatthefish.info,$2a$10$Mc5rsBz5D7h0fQLmeU3ZDuj1p77dDGX8m8gyeXODmgy9LaLIG9v0O
DiegoAriza932@whatthefish.info,$2a$10$Mc5rsBz5D7h0fQLmeU3ZDuj1p77dDGX8m8gyeXODmgy9LaLIG9v0O
MiguelAngelAjila241@whatthefish.info,$2a$10$Mc5rsBz5D7h0fQLmeU3ZDuj1p77dDGX8m8gyeXODmgy9LaLIG9v0O
MiguelAngelSalcedo388@whatthefish.info,$2a$10$Mc5rsBz5D7h0fQLmeU3ZDuj1p77dDGX8m8gyeXODmgy9LaLIG9v0O
SashoVillena528@whatthefish.info,$2a$10$Mc5rsBz5D7h0fQLmeU3ZDuj1p77dDGX8m8gyeXODmgy9LaLIG9v0O
JuditEstevez494@whatthefish.info,$2a$10$Mc5rsBz5D7h0fQLmeU3ZDuj1p77dDGX8m8gyeXODmgy9LaLIG9v0O
FidelMartinez360@whatthefish.info,$2a$10$Mc5rsBz5D7h0fQLmeU3ZDuj1p77dDGX8m8gyeXODmgy9LaLIG9v0O
OscarDamianRamos454@whatthefish.info,$2a$10$Mc5rsBz5D7h0fQLmeU3ZDuj1p77dDGX8m8gyeXODmgy9LaLIG9v0O
RafaelCampos436@whatthefish.info,$2a$10$Mc5rsBz5D7h0fQLmeU3ZDuj1p77dDGX8m8gyeXODmgy9LaLIG9v0O
FranciscoMaya76@whatthefish.info,$2a$10$Mc5rsBz5D7h0fQLmeU3ZDuj1p77dDGX8m8gyeXODmgy9LaLIG9v0O
VicenteFranciscoSanfeliu245@whatthefish.info,$2a$10$Mc5rsBz5D7h0fQLmeU3ZDuj1p77dDGX8m8gyeXODmgy9LaLIG9v0O
LiviaCriado649@whatthefish.info,$2a$10$Mc5rsBz5D7h0fQLmeU3ZDuj1p77dDGX8m8gyeXODmgy9LaLIG9v0O
FernandoHernandez579@whatthefish.info,$2a$10$Mc5rsBz5D7h0fQLmeU3ZDuj1p77dDGX8m8gyeXODmgy9LaLIG9v0O
JoseNali366@whatthefish.info,$2a$10$Mc5rsBz5D7h0fQLmeU3ZDuj1p77dDGX8m8gyeXODmgy9LaLIG9v0O
AdamHernandez963@whatthefish.info,$2a$10$Mc5rsBz5D7h0fQLmeU3ZDuj1p77dDGX8m8gyeXODmgy9LaLIG9v0O
EstherDeVal101@whatthefish.info,$2a$10$Mc5rsBz5D7h0fQLmeU3ZDuj1p77dDGX8m8gyeXODmgy9LaLIG9v0O
JimenaStern690@whatthefish.info,$2a$10$Mc5rsBz5D7h0fQLmeU3ZDuj1p77dDGX8m8gyeXODmgy9LaLIG9v0O
RobertoGalan908@whatthefish.info,$2a$10$Mc5rsBz5D7h0fQLmeU3ZDuj1p77dDGX8m8gyeXODmgy9LaLIG9v0O
JairoOrtega70@whatthefish.info,$2a$10$Mc5rsBz5D7h0fQLmeU3ZDuj1p77dDGX8m8gyeXODmgy9LaLIG9v0O
ManuelAbad421@whatthefish.info,$2a$10$Mc5rsBz5D7h0fQLmeU3ZDuj1p77dDGX8m8gyeXODmgy9LaLIG9v0O
CarlosRobertoRojas968@whatthefish.info,$2a$10$Mc5rsBz5D7h0fQLmeU3ZDuj1p77dDGX8m8gyeXODmgy9LaLIG9v0O
JoseBallester325@whatthefish.info,$2a$10$Mc5rsBz5D7h0fQLmeU3ZDuj1p77dDGX8m8gyeXODmgy9LaLIG9v0O
DoloresRodriguez748@whatthefish.info,$2a$10$Mc5rsBz5D7h0fQLmeU3ZDuj1p77dDGX8m8gyeXODmgy9LaLIG9v0O
MateoAranda471@whatthefish.info,$2a$10$Mc5rsBz5D7h0fQLmeU3ZDuj1p77dDGX8m8gyeXODmgy9LaLIG9v0O
LuisFelipeOrient121@whatthefish.info,$2a$10$Mc5rsBz5D7h0fQLmeU3ZDuj1p77dDGX8m8gyeXODmgy9LaLIG9v0O
FranciscoVazquez550@whatthefish.info,$2a$10$Mc5rsBz5D7h0fQLmeU3ZDuj1p77dDGX8m8gyeXODmgy9LaLIG9v0O
JacintoRoldan312@whatthefish.info,$2a$10$Mc5rsBz5D7h0fQLmeU3ZDuj1p77dDGX8m8gyeXODmgy9LaLIG9v0O
NievesVera335@whatthefish.info,$2a$10$Mc5rsBz5D7h0fQLmeU3ZDuj1p77dDGX8m8gyeXODmgy9LaLIG9v0O
ItziarLopez542@whatthefish.info,$2a$10$Mc5rsBz5D7h0fQLmeU3ZDuj1p77dDGX8m8gyeXODmgy9LaLIG9v0O
MerceGasco359@whatthefish.info,$2a$10$Mc5rsBz5D7h0fQLmeU3ZDuj1p77dDGX8m8gyeXODmgy9LaLIG9v0O
AlbertBuitrago675@whatthefish.info,$2a$10$Mc5rsBz5D7h0fQLmeU3ZDuj1p77dDGX8m8gyeXODmgy9LaLIG9v0O
JoseAngelMolina592@whatthefish.info,$2a$10$Mc5rsBz5D7h0fQLmeU3ZDuj1p77dDGX8m8gyeXODmgy9LaLIG9v0O
AlvaroOlcoz351@whatthefish.info,$2a$10$Mc5rsBz5D7h0fQLmeU3ZDuj1p77dDGX8m8gyeXODmgy9LaLIG9v0O
ManuelAgut534@whatthefish.info,$2a$10$Mc5rsBz5D7h0fQLmeU3ZDuj1p77dDGX8m8gyeXODmgy9LaLIG9v0O
ManuelRoiz644@whatthefish.info,$2a$10$Mc5rsBz5D7h0fQLmeU3ZDuj1p77dDGX8m8gyeXODmgy9LaLIG9v0O
AdolfoCilleruelo142@whatthefish.info,$2a$10$Mc5rsBz5D7h0fQLmeU3ZDuj1p77dDGX8m8gyeXODmgy9LaLIG9v0O
MarcoAntonioCanales946@whatthefish.info,$2a$10$Mc5rsBz5D7h0fQLmeU3ZDuj1p77dDGX8m8gyeXODmgy9LaLIG9v0O
LuisAlbertoGonzalez381@whatthefish.info,$2a$10$Mc5rsBz5D7h0fQLmeU3ZDuj1p77dDGX8m8gyeXODmgy9LaLIG9v0O
ManuelRoyo405@whatthefish.info,$2a$10$Mc5rsBz5D7h0fQLmeU3ZDuj1p77dDGX8m8gyeXODmgy9LaLIG9v0O
ManuelEspejo301@whatthefish.info,$2a$10$Mc5rsBz5D7h0fQLmeU3ZDuj1p77dDGX8m8gyeXODmgy9LaLIG9v0O
AndreaSerradell868@whatthefish.info,$2a$10$Mc5rsBz5D7h0fQLmeU3ZDuj1p77dDGX8m8gyeXODmgy9LaLIG9v0O
MelchorMamani717@whatthefish.info,$2a$10$Mc5rsBz5D7h0fQLmeU3ZDuj1p77dDGX8m8gyeXODmgy9LaLIG9v0O
JuanDionisioFerrandez786@whatthefish.info,$2a$10$Mc5rsBz5D7h0fQLmeU3ZDuj1p77dDGX8m8gyeXODmgy9LaLIG9v0O
PilarArazola149@whatthefish.info,$2a$10$Mc5rsBz5D7h0fQLmeU3ZDuj1p77dDGX8m8gyeXODmgy9LaLIG9v0O
MariaMontserratTejerina903@whatthefish.info,$2a$10$Mc5rsBz5D7h0fQLmeU3ZDuj1p77dDGX8m8gyeXODmgy9LaLIG9v0O
OlmoChavero668@whatthefish.info,$2a$10$Mc5rsBz5D7h0fQLmeU3ZDuj1p77dDGX8m8gyeXODmgy9LaLIG9v0O
JuanCarlosNuñez884@whatthefish.info,$2a$10$Mc5rsBz5D7h0fQLmeU3ZDuj1p77dDGX8m8gyeXODmgy9LaLIG9v0O
FelipeGomez281@whatthefish.info,$2a$10$Mc5rsBz5D7h0fQLmeU3ZDuj1p77dDGX8m8gyeXODmgy9LaLIG9v0O
ManuelCriado431@whatthefish.info,$2a$10$Mc5rsBz5D7h0fQLmeU3ZDuj1p77dDGX8m8gyeXODmgy9LaLIG9v0O
AndresFelipeCardoso102@whatthefish.info,$2a$10$Mc5rsBz5D7h0fQLmeU3ZDuj1p77dDGX8m8gyeXODmgy9LaLIG9v0O
GiftPerez17@whatthefish.info,$2a$10$Mc5rsBz5D7h0fQLmeU3ZDuj1p77dDGX8m8gyeXODmgy9LaLIG9v0O
NorbertaLopez686@whatthefish.info,$2a$10$Mc5rsBz5D7h0fQLmeU3ZDuj1p77dDGX8m8gyeXODmgy9LaLIG9v0O
MariaIzquierdo910@whatthefish.info,$2a$10$Mc5rsBz5D7h0fQLmeU3ZDuj1p77dDGX8m8gyeXODmgy9LaLIG9v0O
SilviaCasas174@whatthefish.info,$2a$10$Mc5rsBz5D7h0fQLmeU3ZDuj1p77dDGX8m8gyeXODmgy9LaLIG9v0O
JuanOrtega618@whatthefish.info,$2a$10$Mc5rsBz5D7h0fQLmeU3ZDuj1p77dDGX8m8gyeXODmgy9LaLIG9v0O
XavierZhu959@whatthefish.info,$2a$10$Mc5rsBz5D7h0fQLmeU3ZDuj1p77dDGX8m8gyeXODmgy9LaLIG9v0O
ConcepcionMincu391@whatthefish.info,$2a$10$Mc5rsBz5D7h0fQLmeU3ZDuj1p77dDGX8m8gyeXODmgy9LaLIG9v0O
SerafinFerreiro791@whatthefish.info,$2a$10$Mc5rsBz5D7h0fQLmeU3ZDuj1p77dDGX8m8gyeXODmgy9LaLIG9v0O
AntonioPedroMoya554@whatthefish.info,$2a$10$Mc5rsBz5D7h0fQLmeU3ZDuj1p77dDGX8m8gyeXODmgy9LaLIG9v0O
JonCollado153@whatthefish.info,$2a$10$Mc5rsBz5D7h0fQLmeU3ZDuj1p77dDGX8m8gyeXODmgy9LaLIG9v0O
AlejandroGonzalez545@whatthefish.info,$2a$10$Mc5rsBz5D7h0fQLmeU3ZDuj1p77dDGX8m8gyeXODmgy9LaLIG9v0O
AntonioEugenioVillalba323@whatthefish.info,$2a$10$Mc5rsBz5D7h0fQLmeU3ZDuj1p77dDGX8m8gyeXODmgy9LaLIG9v0O
ManuelMartinez783@whatthefish.info,$2a$10$Mc5rsBz5D7h0fQLmeU3ZDuj1p77dDGX8m8gyeXODmgy9LaLIG9v0O
EvaMariaPerez843@whatthefish.info,$2a$10$Mc5rsBz5D7h0fQLmeU3ZDuj1p77dDGX8m8gyeXODmgy9LaLIG9v0O
ArnauCubeles59@whatthefish.info,$2a$10$Mc5rsBz5D7h0fQLmeU3ZDuj1p77dDGX8m8gyeXODmgy9LaLIG9v0O
MariaMarPortero602@whatthefish.info,$2a$10$Mc5rsBz5D7h0fQLmeU3ZDuj1p77dDGX8m8gyeXODmgy9LaLIG9v0O
IvanCalaf500@whatthefish.info,$2a$10$Mc5rsBz5D7h0fQLmeU3ZDuj1p77dDGX8m8gyeXODmgy9LaLIG9v0O
MariaSantosRevilla644@whatthefish.info,$2a$10$Mc5rsBz5D7h0fQLmeU3ZDuj1p77dDGX8m8gyeXODmgy9LaLIG9v0O
LuisaVelasco655@whatthefish.info,$2a$10$Mc5rsBz5D7h0fQLmeU3ZDuj1p77dDGX8m8gyeXODmgy9LaLIG9v0O
RodolfoCano804@whatthefish.info,$2a$10$Mc5rsBz5D7h0fQLmeU3ZDuj1p77dDGX8m8gyeXODmgy9LaLIG9v0O
MiriamSoto802@whatthefish.info,$2a$10$Mc5rsBz5D7h0fQLmeU3ZDuj1p77dDGX8m8gyeXODmgy9LaLIG9v0O
NitObispo16@whatthefish.info,$2a$10$Mc5rsBz5D7h0fQLmeU3ZDuj1p77dDGX8m8gyeXODmgy9LaLIG9v0O
CiprianoSanchez386@whatthefish.info,$2a$10$Mc5rsBz5D7h0fQLmeU3ZDuj1p77dDGX8m8gyeXODmgy9LaLIG9v0O
VicentaDiaz536@whatthefish.info,$2a$10$Mc5rsBz5D7h0fQLmeU3ZDuj1p77dDGX8m8gyeXODmgy9LaLIG9v0O
MustafaPoch320@whatthefish.info,$2a$10$Mc5rsBz5D7h0fQLmeU3ZDuj1p77dDGX8m8gyeXODmgy9LaLIG9v0O
RaquelMontes562@whatthefish.info,$2a$10$Mc5rsBz5D7h0fQLmeU3ZDuj1p77dDGX8m8gyeXODmgy9LaLIG9v0O
EmmaSantos446@whatthefish.info,$2a$10$Mc5rsBz5D7h0fQLmeU3ZDuj1p77dDGX8m8gyeXODmgy9LaLIG9v0O
CristinaTadeo524@whatthefish.info,$2a$10$Mc5rsBz5D7h0fQLmeU3ZDuj1p77dDGX8m8gyeXODmgy9LaLIG9v0O
MagdalenaVazquez331@whatthefish.info,$2a$10$Mc5rsBz5D7h0fQLmeU3ZDuj1p77dDGX8m8gyeXODmgy9LaLIG9v0O
JuanToledo776@whatthefish.info,$2a$10$Mc5rsBz5D7h0fQLmeU3ZDuj1p77dDGX8m8gyeXODmgy9LaLIG9v0O
JulioGomez32@whatthefish.info,$2a$10$Mc5rsBz5D7h0fQLmeU3ZDuj1p77dDGX8m8gyeXODmgy9LaLIG9v0O
GermanCava8@whatthefish.info,$2a$10$Mc5rsBz5D7h0fQLmeU3ZDuj1p77dDGX8m8gyeXODmgy9LaLIG9v0O
LuisGarcia378@whatthefish.info,$2a$10$Mc5rsBz5D7h0fQLmeU3ZDuj1p77dDGX8m8gyeXODmgy9LaLIG9v0O
MarinaGarcia375@whatthefish.info,$2a$10$Mc5rsBz5D7h0fQLmeU3ZDuj1p77dDGX8m8gyeXODmgy9LaLIG9v0O
JacintoJoseFernandez489@whatthefish.info,$2a$10$Mc5rsBz5D7h0fQLmeU3ZDuj1p77dDGX8m8gyeXODmgy9LaLIG9v0O
ManuelLuisMiguel801@whatthefish.info,$2a$10$Mc5rsBz5D7h0fQLmeU3ZDuj1p77dDGX8m8gyeXODmgy9LaLIG9v0O
AmaliaFranciscaArriazu173@whatthefish.info,$2a$10$Mc5rsBz5D7h0fQLmeU3ZDuj1p77dDGX8m8gyeXODmgy9LaLIG9v0O
VeskoCastillo695@whatthefish.info,$2a$10$Mc5rsBz5D7h0fQLmeU3ZDuj1p77dDGX8m8gyeXODmgy9LaLIG9v0O
RubenCarrero697@whatthefish.info,$2a$10$Mc5rsBz5D7h0fQLmeU3ZDuj1p77dDGX8m8gyeXODmgy9LaLIG9v0O
PedroFernandoGarcia672@whatthefish.info,$2a$10$Mc5rsBz5D7h0fQLmeU3ZDuj1p77dDGX8m8gyeXODmgy9LaLIG9v0O
GonzaloPerez920@whatthefish.info,$2a$10$Mc5rsBz5D7h0fQLmeU3ZDuj1p77dDGX8m8gyeXODmgy9LaLIG9v0O
DoloresEcenarro405@whatthefish.info,$2a$10$Mc5rsBz5D7h0fQLmeU3ZDuj1p77dDGX8m8gyeXODmgy9LaLIG9v0O
MarianoMata129@whatthefish.info,$2a$10$Mc5rsBz5D7h0fQLmeU3ZDuj1p77dDGX8m8gyeXODmgy9LaLIG9v0O
MariaCarmenIvanova807@whatthefish.info,$2a$10$Mc5rsBz5D7h0fQLmeU3ZDuj1p77dDGX8m8gyeXODmgy9LaLIG9v0O
PabloTorres180@whatthefish.info,$2a$10$Mc5rsBz5D7h0fQLmeU3ZDuj1p77dDGX8m8gyeXODmgy9LaLIG9v0O
AnaDopico300@whatthefish.info,$2a$10$Mc5rsBz5D7h0fQLmeU3ZDuj1p77dDGX8m8gyeXODmgy9LaLIG9v0O
CarlosRodriguez27@whatthefish.info,$2a$10$Mc5rsBz5D7h0fQLmeU3ZDuj1p77dDGX8m8gyeXODmgy9LaLIG9v0O
PaulaParias760@whatthefish.info,$2a$10$Mc5rsBz5D7h0fQLmeU3ZDuj1p77dDGX8m8gyeXODmgy9LaLIG9v0O
SergioEspinosa299@whatthefish.info,$2a$10$Mc5rsBz5D7h0fQLmeU3ZDuj1p77dDGX8m8gyeXODmgy9LaLIG9v0O
JavierCarr994@whatthefish.info,$2a$10$Mc5rsBz5D7h0fQLmeU3ZDuj1p77dDGX8m8gyeXODmgy9LaLIG9v0O
CandidaManchon8@whatthefish.info,$2a$10$Mc5rsBz5D7h0fQLmeU3ZDuj1p77dDGX8m8gyeXODmgy9LaLIG9v0O
AlvinBou713@whatthefish.info,$2a$10$Mc5rsBz5D7h0fQLmeU3ZDuj1p77dDGX8m8gyeXODmgy9LaLIG9v0O
JuanGumiel985@whatthefish.info,$2a$10$Mc5rsBz5D7h0fQLmeU3ZDuj1p77dDGX8m8gyeXODmgy9LaLIG9v0O
JosefaCubas659@whatthefish.info,$2a$10$Mc5rsBz5D7h0fQLmeU3ZDuj1p77dDGX8m8gyeXODmgy9LaLIG9v0O
FilipMiguez124@whatthefish.info,$2a$10$Mc5rsBz5D7h0fQLmeU3ZDuj1p77dDGX8m8gyeXODmgy9LaLIG9v0O
JesusNegrin22@whatthefish.info,$2a$10$Mc5rsBz5D7h0fQLmeU3ZDuj1p77dDGX8m8gyeXODmgy9LaLIG9v0O
DianaCarolinaRamirez49@whatthefish.info,$2a$10$Mc5rsBz5D7h0fQLmeU3ZDuj1p77dDGX8m8gyeXODmgy9LaLIG9v0O
JuanPabloArias927@whatthefish.info,$2a$10$Mc5rsBz5D7h0fQLmeU3ZDuj1p77dDGX8m8gyeXODmgy9LaLIG9v0O
MiguelJimenez152@whatthefish.info,$2a$10$Mc5rsBz5D7h0fQLmeU3ZDuj1p77dDGX8m8gyeXODmgy9LaLIG9v0O
EmiliaGarcia191@whatthefish.info,$2a$10$Mc5rsBz5D7h0fQLmeU3ZDuj1p77dDGX8m8gyeXODmgy9LaLIG9v0O
MartiBezanilla122@whatthefish.info,$2a$10$Mc5rsBz5D7h0fQLmeU3ZDuj1p77dDGX8m8gyeXODmgy9LaLIG9v0O
JoanVarela827@whatthefish.info,$2a$10$Mc5rsBz5D7h0fQLmeU3ZDuj1p77dDGX8m8gyeXODmgy9LaLIG9v0O
FranciscoJavierRomero425@whatthefish.info,$2a$10$Mc5rsBz5D7h0fQLmeU3ZDuj1p77dDGX8m8gyeXODmgy9LaLIG9v0O
AntoniRos145@whatthefish.info,$2a$10$Mc5rsBz5D7h0fQLmeU3ZDuj1p77dDGX8m8gyeXODmgy9LaLIG9v0O
CatalinaSanchez258@whatthefish.info,$2a$10$Mc5rsBz5D7h0fQLmeU3ZDuj1p77dDGX8m8gyeXODmgy9LaLIG9v0O
MariaRosaRodriguezBarbero334@whatthefish.info,$2a$10$Mc5rsBz5D7h0fQLmeU3ZDuj1p77dDGX8m8gyeXODmgy9LaLIG9v0O
JoseAntonioCarrascal87@whatthefish.info,$2a$10$Mc5rsBz5D7h0fQLmeU3ZDuj1p77dDGX8m8gyeXODmgy9LaLIG9v0O
JesusRomagosa571@whatthefish.info,$2a$10$Mc5rsBz5D7h0fQLmeU3ZDuj1p77dDGX8m8gyeXODmgy9LaLIG9v0O
IsabelTrujillo618@whatthefish.info,$2a$10$Mc5rsBz5D7h0fQLmeU3ZDuj1p77dDGX8m8gyeXODmgy9LaLIG9v0O
SergioMaroto808@whatthefish.info,$2a$10$Mc5rsBz5D7h0fQLmeU3ZDuj1p77dDGX8m8gyeXODmgy9LaLIG9v0O
RamonHidalgo949@whatthefish.info,$2a$10$Mc5rsBz5D7h0fQLmeU3ZDuj1p77dDGX8m8gyeXODmgy9LaLIG9v0O
SmailSanz860@whatthefish.info,$2a$10$Mc5rsBz5D7h0fQLmeU3ZDuj1p77dDGX8m8gyeXODmgy9LaLIG9v0O
VictoriaMuñoz815@whatthefish.info,$2a$10$Mc5rsBz5D7h0fQLmeU3ZDuj1p77dDGX8m8gyeXODmgy9LaLIG9v0O
FranciscoGarcia439@whatthefish.info,$2a$10$Mc5rsBz5D7h0fQLmeU3ZDuj1p77dDGX8m8gyeXODmgy9LaLIG9v0O
EugeniaCepeda391@whatthefish.info,$2a$10$Mc5rsBz5D7h0fQLmeU3ZDuj1p77dDGX8m8gyeXODmgy9LaLIG9v0O
IvanMoreno24@whatthefish.info,$2a$10$Mc5rsBz5D7h0fQLmeU3ZDuj1p77dDGX8m8gyeXODmgy9LaLIG9v0O
SofiaIsabelGomez11@whatthefish.info,$2a$10$Mc5rsBz5D7h0fQLmeU3ZDuj1p77dDGX8m8gyeXODmgy9LaLIG9v0O
MatiasDominguez320@whatthefish.info,$2a$10$Mc5rsBz5D7h0fQLmeU3ZDuj1p77dDGX8m8gyeXODmgy9LaLIG9v0O
ManuelPintanel272@whatthefish.info,$2a$10$Mc5rsBz5D7h0fQLmeU3ZDuj1p77dDGX8m8gyeXODmgy9LaLIG9v0O
CatiaPillajo23@whatthefish.info,$2a$10$Mc5rsBz5D7h0fQLmeU3ZDuj1p77dDGX8m8gyeXODmgy9LaLIG9v0O
JoseMatamoros214@whatthefish.info,$2a$10$Mc5rsBz5D7h0fQLmeU3ZDuj1p77dDGX8m8gyeXODmgy9LaLIG9v0O
IreneNavarrete180@whatthefish.info,$2a$10$Mc5rsBz5D7h0fQLmeU3ZDuj1p77dDGX8m8gyeXODmgy9LaLIG9v0O
CarlosGuerrero887@whatthefish.info,$2a$10$Mc5rsBz5D7h0fQLmeU3ZDuj1p77dDGX8m8gyeXODmgy9LaLIG9v0O
JoelMadera660@whatthefish.info,$2a$10$Mc5rsBz5D7h0fQLmeU3ZDuj1p77dDGX8m8gyeXODmgy9LaLIG9v0O
SoledadPiqueres131@whatthefish.info,$2a$10$Mc5rsBz5D7h0fQLmeU3ZDuj1p77dDGX8m8gyeXODmgy9LaLIG9v0O
ManuelRamirez351@whatthefish.info,$2a$10$Mc5rsBz5D7h0fQLmeU3ZDuj1p77dDGX8m8gyeXODmgy9LaLIG9v0O
ManuelRamos226@whatthefish.info,$2a$10$Mc5rsBz5D7h0fQLmeU3ZDuj1p77dDGX8m8gyeXODmgy9LaLIG9v0O
LorenzoGarcia836@whatthefish.info,$2a$10$Mc5rsBz5D7h0fQLmeU3ZDuj1p77dDGX8m8gyeXODmgy9LaLIG9v0O
MaximinoFreixa332@whatthefish.info,$2a$10$Mc5rsBz5D7h0fQLmeU3ZDuj1p77dDGX8m8gyeXODmgy9LaLIG9v0O
EugenioBragulat787@whatthefish.info,$2a$10$Mc5rsBz5D7h0fQLmeU3ZDuj1p77dDGX8m8gyeXODmgy9LaLIG9v0O
EnriqueOrtega64@whatthefish.info,$2a$10$Mc5rsBz5D7h0fQLmeU3ZDuj1p77dDGX8m8gyeXODmgy9LaLIG9v0O
AgustinHidalgo534@whatthefish.info,$2a$10$Mc5rsBz5D7h0fQLmeU3ZDuj1p77dDGX8m8gyeXODmgy9LaLIG9v0O
JoseLuisMarzo364@whatthefish.info,$2a$10$Mc5rsBz5D7h0fQLmeU3ZDuj1p77dDGX8m8gyeXODmgy9LaLIG9v0O
SaraZubiaga460@whatthefish.info,$2a$10$Mc5rsBz5D7h0fQLmeU3ZDuj1p77dDGX8m8gyeXODmgy9LaLIG9v0O
TeresaConde95@whatthefish.info,$2a$10$Mc5rsBz5D7h0fQLmeU3ZDuj1p77dDGX8m8gyeXODmgy9LaLIG9v0O
EncarnacionDeFrutos129@whatthefish.info,$2a$10$Mc5rsBz5D7h0fQLmeU3ZDuj1p77dDGX8m8gyeXODmgy9LaLIG9v0O
AlfonsoLuisDeLaCalle863@whatthefish.info,$2a$10$Mc5rsBz5D7h0fQLmeU3ZDuj1p77dDGX8m8gyeXODmgy9LaLIG9v0O
IsraelBarranco814@whatthefish.info,$2a$10$Mc5rsBz5D7h0fQLmeU3ZDuj1p77dDGX8m8gyeXODmgy9LaLIG9v0O
FranciscoLecanda707@whatthefish.info,$2a$10$Mc5rsBz5D7h0fQLmeU3ZDuj1p77dDGX8m8gyeXODmgy9LaLIG9v0O
CarmenSaenz923@whatthefish.info,$2a$10$Mc5rsBz5D7h0fQLmeU3ZDuj1p77dDGX8m8gyeXODmgy9LaLIG9v0O
GustavoBergara817@whatthefish.info,$2a$10$Mc5rsBz5D7h0fQLmeU3ZDuj1p77dDGX8m8gyeXODmgy9LaLIG9v0O
AntonioSilva678@whatthefish.info,$2a$10$Mc5rsBz5D7h0fQLmeU3ZDuj1p77dDGX8m8gyeXODmgy9LaLIG9v0O
FranciscoCepas369@whatthefish.info,$2a$10$Mc5rsBz5D7h0fQLmeU3ZDuj1p77dDGX8m8gyeXODmgy9LaLIG9v0O
AiramLozano766@whatthefish.info,$2a$10$Mc5rsBz5D7h0fQLmeU3ZDuj1p77dDGX8m8gyeXODmgy9LaLIG9v0O
EnriqueMouzo904@whatthefish.info,$2a$10$Mc5rsBz5D7h0fQLmeU3ZDuj1p77dDGX8m8gyeXODmgy9LaLIG9v0O
AnselmoPe100@whatthefish.info,$2a$10$Mc5rsBz5D7h0fQLmeU3ZDuj1p77dDGX8m8gyeXODmgy9LaLIG9v0O
CarlosDimitrova385@whatthefish.info,$2a$10$Mc5rsBz5D7h0fQLmeU3ZDuj1p77dDGX8m8gyeXODmgy9LaLIG9v0O
JonathanMartinez636@whatthefish.info,$2a$10$Mc5rsBz5D7h0fQLmeU3ZDuj1p77dDGX8m8gyeXODmgy9LaLIG9v0O
LarbiSomoza454@whatthefish.info,$2a$10$Mc5rsBz5D7h0fQLmeU3ZDuj1p77dDGX8m8gyeXODmgy9LaLIG9v0O
MariaArjona1@whatthefish.info,$2a$10$Mc5rsBz5D7h0fQLmeU3ZDuj1p77dDGX8m8gyeXODmgy9LaLIG9v0O
DavidTapetado490@whatthefish.info,$2a$10$Mc5rsBz5D7h0fQLmeU3ZDuj1p77dDGX8m8gyeXODmgy9LaLIG9v0O
VicenteJesusAlonso634@whatthefish.info,$2a$10$Mc5rsBz5D7h0fQLmeU3ZDuj1p77dDGX8m8gyeXODmgy9LaLIG9v0O
AngelesPadilla557@whatthefish.info,$2a$10$Mc5rsBz5D7h0fQLmeU3ZDuj1p77dDGX8m8gyeXODmgy9LaLIG9v0O
MariaJesusRodriguez636@whatthefish.info,$2a$10$Mc5rsBz5D7h0fQLmeU3ZDuj1p77dDGX8m8gyeXODmgy9LaLIG9v0O
JoseRamonGarcia529@whatthefish.info,$2a$10$Mc5rsBz5D7h0fQLmeU3ZDuj1p77dDGX8m8gyeXODmgy9LaLIG9v0O
JoseHerrera102@whatthefish.info,$2a$10$Mc5rsBz5D7h0fQLmeU3ZDuj1p77dDGX8m8gyeXODmgy9LaLIG9v0O
PaulaOtero88@whatthefish.info,$2a$10$Mc5rsBz5D7h0fQLmeU3ZDuj1p77dDGX8m8gyeXODmgy9LaLIG9v0O
JuanPais2@whatthefish.info,$2a$10$Mc5rsBz5D7h0fQLmeU3ZDuj1p77dDGX8m8gyeXODmgy9LaLIG9v0O
SergioVercher670@whatthefish.info,$2a$10$Mc5rsBz5D7h0fQLmeU3ZDuj1p77dDGX8m8gyeXODmgy9LaLIG9v0O
BernabeRubio839@whatthefish.info,$2a$10$Mc5rsBz5D7h0fQLmeU3ZDuj1p77dDGX8m8gyeXODmgy9LaLIG9v0O
MariaJesusMarti870@whatthefish.info,$2a$10$Mc5rsBz5D7h0fQLmeU3ZDuj1p77dDGX8m8gyeXODmgy9LaLIG9v0O
JuanJoseSalgado792@whatthefish.info,$2a$10$Mc5rsBz5D7h0fQLmeU3ZDuj1p77dDGX8m8gyeXODmgy9LaLIG9v0O
LuisSanchez474@whatthefish.info,$2a$10$Mc5rsBz5D7h0fQLmeU3ZDuj1p77dDGX8m8gyeXODmgy9LaLIG9v0O
MilaPrieto94@whatthefish.info,$2a$10$Mc5rsBz5D7h0fQLmeU3ZDuj1p77dDGX8m8gyeXODmgy9LaLIG9v0O
ManuelElMamouni475@whatthefish.info,$2a$10$Mc5rsBz5D7h0fQLmeU3ZDuj1p77dDGX8m8gyeXODmgy9LaLIG9v0O
JuanAntonioCorreoso857@whatthefish.info,$2a$10$Mc5rsBz5D7h0fQLmeU3ZDuj1p77dDGX8m8gyeXODmgy9LaLIG9v0O
ManuelAguado25@whatthefish.info,$2a$10$Mc5rsBz5D7h0fQLmeU3ZDuj1p77dDGX8m8gyeXODmgy9LaLIG9v0O
PepeFernandez502@whatthefish.info,$2a$10$Mc5rsBz5D7h0fQLmeU3ZDuj1p77dDGX8m8gyeXODmgy9LaLIG9v0O
MiguelAngelRodriguez563@whatthefish.info,$2a$10$Mc5rsBz5D7h0fQLmeU3ZDuj1p77dDGX8m8gyeXODmgy9LaLIG9v0O
RicardoFranco765@whatthefish.info,$2a$10$Mc5rsBz5D7h0fQLmeU3ZDuj1p77dDGX8m8gyeXODmgy9LaLIG9v0O
VicenteCasale916@whatthefish.info,$2a$10$Mc5rsBz5D7h0fQLmeU3ZDuj1p77dDGX8m8gyeXODmgy9LaLIG9v0O
PetricaCosta595@whatthefish.info,$2a$10$Mc5rsBz5D7h0fQLmeU3ZDuj1p77dDGX8m8gyeXODmgy9LaLIG9v0O
OsmelCaro837@whatthefish.info,$2a$10$Mc5rsBz5D7h0fQLmeU3ZDuj1p77dDGX8m8gyeXODmgy9LaLIG9v0O
JoanGredilla653@whatthefish.info,$2a$10$Mc5rsBz5D7h0fQLmeU3ZDuj1p77dDGX8m8gyeXODmgy9LaLIG9v0O
AnaMariaGistau971@whatthefish.info,$2a$10$Mc5rsBz5D7h0fQLmeU3ZDuj1p77dDGX8m8gyeXODmgy9LaLIG9v0O
GermanTapia936@whatthefish.info,$2a$10$Mc5rsBz5D7h0fQLmeU3ZDuj1p77dDGX8m8gyeXODmgy9LaLIG9v0O
JorgeLo30@whatthefish.info,$2a$10$Mc5rsBz5D7h0fQLmeU3ZDuj1p77dDGX8m8gyeXODmgy9LaLIG9v0O
IsraelCamps406@whatthefish.info,$2a$10$Mc5rsBz5D7h0fQLmeU3ZDuj1p77dDGX8m8gyeXODmgy9LaLIG9v0O
GiovannyOzores760@whatthefish.info,$2a$10$Mc5rsBz5D7h0fQLmeU3ZDuj1p77dDGX8m8gyeXODmgy9LaLIG9v0O
VanessaRivera195@whatthefish.info,$2a$10$Mc5rsBz5D7h0fQLmeU3ZDuj1p77dDGX8m8gyeXODmgy9LaLIG9v0O
NuriaMolins668@whatthefish.info,$2a$10$Mc5rsBz5D7h0fQLmeU3ZDuj1p77dDGX8m8gyeXODmgy9LaLIG9v0O
AlbertoManuelRomero0@whatthefish.info,$2a$10$Mc5rsBz5D7h0fQLmeU3ZDuj1p77dDGX8m8gyeXODmgy9LaLIG9v0O
MonicaBeatrizRodriguez801@whatthefish.info,$2a$10$Mc5rsBz5D7h0fQLmeU3ZDuj1p77dDGX8m8gyeXODmgy9LaLIG9v0O
GenisMoreno962@whatthefish.info,$2a$10$Mc5rsBz5D7h0fQLmeU3ZDuj1p77dDGX8m8gyeXODmgy9LaLIG9v0O
JoseJoaquinMarquina569@whatthefish.info,$2a$10$Mc5rsBz5D7h0fQLmeU3ZDuj1p77dDGX8m8gyeXODmgy9LaLIG9v0O
FranciscoBellmunt67@whatthefish.info,$2a$10$Mc5rsBz5D7h0fQLmeU3ZDuj1p77dDGX8m8gyeXODmgy9LaLIG9v0O
AntonioMoreno38@whatthefish.info,$2a$10$Mc5rsBz5D7h0fQLmeU3ZDuj1p77dDGX8m8gyeXODmgy9LaLIG9v0O
AlmudenaNuñez338@whatthefish.info,$2a$10$Mc5rsBz5D7h0fQLmeU3ZDuj1p77dDGX8m8gyeXODmgy9LaLIG9v0O
JoseMariaBilbao550@whatthefish.info,$2a$10$Mc5rsBz5D7h0fQLmeU3ZDuj1p77dDGX8m8gyeXODmgy9LaLIG9v0O
JoseAntonioConejo614@whatthefish.info,$2a$10$Mc5rsBz5D7h0fQLmeU3ZDuj1p77dDGX8m8gyeXODmgy9LaLIG9v0O
SimonaRomo277@whatthefish.info,$2a$10$Mc5rsBz5D7h0fQLmeU3ZDuj1p77dDGX8m8gyeXODmgy9LaLIG9v0O
MarcSanchez351@whatthefish.info,$2a$10$Mc5rsBz5D7h0fQLmeU3ZDuj1p77dDGX8m8gyeXODmgy9LaLIG9v0O
JoseMariaMorales485@whatthefish.info,$2a$10$Mc5rsBz5D7h0fQLmeU3ZDuj1p77dDGX8m8gyeXODmgy9LaLIG9v0O
JoseAntonioLora803@whatthefish.info,$2a$10$Mc5rsBz5D7h0fQLmeU3ZDuj1p77dDGX8m8gyeXODmgy9LaLIG9v0O
MariaDoloresMohamed926@whatthefish.info,$2a$10$Mc5rsBz5D7h0fQLmeU3ZDuj1p77dDGX8m8gyeXODmgy9LaLIG9v0O
FernandaLupion991@whatthefish.info,$2a$10$Mc5rsBz5D7h0fQLmeU3ZDuj1p77dDGX8m8gyeXODmgy9LaLIG9v0O
FranciscoRuiz255@whatthefish.info,$2a$10$Mc5rsBz5D7h0fQLmeU3ZDuj1p77dDGX8m8gyeXODmgy9LaLIG9v0O
MatiasGarcia833@whatthefish.info,$2a$10$Mc5rsBz5D7h0fQLmeU3ZDuj1p77dDGX8m8gyeXODmgy9LaLIG9v0O
RosaBravo237@whatthefish.info,$2a$10$Mc5rsBz5D7h0fQLmeU3ZDuj1p77dDGX8m8gyeXODmgy9LaLIG9v0O
MariaJuliaGimenez44@whatthefish.info,$2a$10$Mc5rsBz5D7h0fQLmeU3ZDuj1p77dDGX8m8gyeXODmgy9LaLIG9v0O
JeshuaRomero778@whatthefish.info,$2a$10$Mc5rsBz5D7h0fQLmeU3ZDuj1p77dDGX8m8gyeXODmgy9LaLIG9v0O
NeilHernandez686@whatthefish.info,$2a$10$Mc5rsBz5D7h0fQLmeU3ZDuj1p77dDGX8m8gyeXODmgy9LaLIG9v0O
CandelariaMuñiz21@whatthefish.info,$2a$10$Mc5rsBz5D7h0fQLmeU3ZDuj1p77dDGX8m8gyeXODmgy9LaLIG9v0O
SegundoRodriguez402@whatthefish.info,$2a$10$Mc5rsBz5D7h0fQLmeU3ZDuj1p77dDGX8m8gyeXODmgy9LaLIG9v0O
MariaJoseRivero392@whatthefish.info,$2a$10$Mc5rsBz5D7h0fQLmeU3ZDuj1p77dDGX8m8gyeXODmgy9LaLIG9v0O
ManuelGarcia382@whatthefish.info,$2a$10$Mc5rsBz5D7h0fQLmeU3ZDuj1p77dDGX8m8gyeXODmgy9LaLIG9v0O
JuanAngelRodriguez282@whatthefish.info,$2a$10$Mc5rsBz5D7h0fQLmeU3ZDuj1p77dDGX8m8gyeXODmgy9LaLIG9v0O
AlbaroGarcia241@whatthefish.info,$2a$10$Mc5rsBz5D7h0fQLmeU3ZDuj1p77dDGX8m8gyeXODmgy9LaLIG9v0O
RamonaSanchez902@whatthefish.info,$2a$10$Mc5rsBz5D7h0fQLmeU3ZDuj1p77dDGX8m8gyeXODmgy9LaLIG9v0O
CristalinaMartinez236@whatthefish.info,$2a$10$Mc5rsBz5D7h0fQLmeU3ZDuj1p77dDGX8m8gyeXODmgy9LaLIG9v0O
JoseAntonioPerez478@whatthefish.info,$2a$10$Mc5rsBz5D7h0fQLmeU3ZDuj1p77dDGX8m8gyeXODmgy9LaLIG9v0O
JuanMazuela415@whatthefish.info,$2a$10$Mc5rsBz5D7h0fQLmeU3ZDuj1p77dDGX8m8gyeXODmgy9LaLIG9v0O
MariaClaudiaArce888@whatthefish.info,$2a$10$Mc5rsBz5D7h0fQLmeU3ZDuj1p77dDGX8m8gyeXODmgy9LaLIG9v0O
ManuelJesusValladolid757@whatthefish.info,$2a$10$Mc5rsBz5D7h0fQLmeU3ZDuj1p77dDGX8m8gyeXODmgy9LaLIG9v0O
PalomaCatalan935@whatthefish.info,$2a$10$Mc5rsBz5D7h0fQLmeU3ZDuj1p77dDGX8m8gyeXODmgy9LaLIG9v0O
MariaLluisaSeves360@whatthefish.info,$2a$10$Mc5rsBz5D7h0fQLmeU3ZDuj1p77dDGX8m8gyeXODmgy9LaLIG9v0O
JulianAlonso392@whatthefish.info,$2a$10$Mc5rsBz5D7h0fQLmeU3ZDuj1p77dDGX8m8gyeXODmgy9LaLIG9v0O
JavierMenendez103@whatthefish.info,$2a$10$Mc5rsBz5D7h0fQLmeU3ZDuj1p77dDGX8m8gyeXODmgy9LaLIG9v0O
GastonBove408@whatthefish.info,$2a$10$Mc5rsBz5D7h0fQLmeU3ZDuj1p77dDGX8m8gyeXODmgy9LaLIG9v0O
RodicaDeLaSierra738@whatthefish.info,$2a$10$Mc5rsBz5D7h0fQLmeU3ZDuj1p77dDGX8m8gyeXODmgy9LaLIG9v0O
AlvaroPou238@whatthefish.info,$2a$10$Mc5rsBz5D7h0fQLmeU3ZDuj1p77dDGX8m8gyeXODmgy9LaLIG9v0O
NataliaPeinado134@whatthefish.info,$2a$10$Mc5rsBz5D7h0fQLmeU3ZDuj1p77dDGX8m8gyeXODmgy9LaLIG9v0O
CarmenHamed671@whatthefish.info,$2a$10$Mc5rsBz5D7h0fQLmeU3ZDuj1p77dDGX8m8gyeXODmgy9LaLIG9v0O
JuanAntonioMolina965@whatthefish.info,$2a$10$Mc5rsBz5D7h0fQLmeU3ZDuj1p77dDGX8m8gyeXODmgy9LaLIG9v0O
PedroPerez848@whatthefish.info,$2a$10$Mc5rsBz5D7h0fQLmeU3ZDuj1p77dDGX8m8gyeXODmgy9LaLIG9v0O
MariaJesusMoreno367@whatthefish.info,$2a$10$Mc5rsBz5D7h0fQLmeU3ZDuj1p77dDGX8m8gyeXODmgy9LaLIG9v0O
ElenaGorriz66@whatthefish.info,$2a$10$Mc5rsBz5D7h0fQLmeU3ZDuj1p77dDGX8m8gyeXODmgy9LaLIG9v0O
MiguelAngelEstevez670@whatthefish.info,$2a$10$Mc5rsBz5D7h0fQLmeU3ZDuj1p77dDGX8m8gyeXODmgy9LaLIG9v0O
MariaTeresaGalan446@whatthefish.info,$2a$10$Mc5rsBz5D7h0fQLmeU3ZDuj1p77dDGX8m8gyeXODmgy9LaLIG9v0O
ManuelAlonso617@whatthefish.info,$2a$10$Mc5rsBz5D7h0fQLmeU3ZDuj1p77dDGX8m8gyeXODmgy9LaLIG9v0O
ManuelGil847@whatthefish.info,$2a$10$Mc5rsBz5D7h0fQLmeU3ZDuj1p77dDGX8m8gyeXODmgy9LaLIG9v0O
JosefaCarbo460@whatthefish.info,$2a$10$Mc5rsBz5D7h0fQLmeU3ZDuj1p77dDGX8m8gyeXODmgy9LaLIG9v0O
PedroPabloGil107@whatthefish.info,$2a$10$Mc5rsBz5D7h0fQLmeU3ZDuj1p77dDGX8m8gyeXODmgy9LaLIG9v0O
SantiagoRecuerda888@whatthefish.info,$2a$10$Mc5rsBz5D7h0fQLmeU3ZDuj1p77dDGX8m8gyeXODmgy9LaLIG9v0O
JuanAntonioCaro328@whatthefish.info,$2a$10$Mc5rsBz5D7h0fQLmeU3ZDuj1p77dDGX8m8gyeXODmgy9LaLIG9v0O
ConsueloEspinosa962@whatthefish.info,$2a$10$Mc5rsBz5D7h0fQLmeU3ZDuj1p77dDGX8m8gyeXODmgy9LaLIG9v0O
DiegoHernanMartin184@whatthefish.info,$2a$10$Mc5rsBz5D7h0fQLmeU3ZDuj1p77dDGX8m8gyeXODmgy9LaLIG9v0O
TomasBaena776@whatthefish.info,$2a$10$Mc5rsBz5D7h0fQLmeU3ZDuj1p77dDGX8m8gyeXODmgy9LaLIG9v0O
RaimundoSanchez209@whatthefish.info,$2a$10$Mc5rsBz5D7h0fQLmeU3ZDuj1p77dDGX8m8gyeXODmgy9LaLIG9v0O
PascualDeLaRosa636@whatthefish.info,$2a$10$Mc5rsBz5D7h0fQLmeU3ZDuj1p77dDGX8m8gyeXODmgy9LaLIG9v0O
PatrickVillanueva291@whatthefish.info,$2a$10$Mc5rsBz5D7h0fQLmeU3ZDuj1p77dDGX8m8gyeXODmgy9LaLIG9v0O
MatiasMartinez745@whatthefish.info,$2a$10$Mc5rsBz5D7h0fQLmeU3ZDuj1p77dDGX8m8gyeXODmgy9LaLIG9v0O
ManuelLopez558@whatthefish.info,$2a$10$Mc5rsBz5D7h0fQLmeU3ZDuj1p77dDGX8m8gyeXODmgy9LaLIG9v0O
LauraMartin781@whatthefish.info,$2a$10$Mc5rsBz5D7h0fQLmeU3ZDuj1p77dDGX8m8gyeXODmgy9LaLIG9v0O
JoseJuanVarela219@whatthefish.info,$2a$10$Mc5rsBz5D7h0fQLmeU3ZDuj1p77dDGX8m8gyeXODmgy9LaLIG9v0O
EstebanTrancho165@whatthefish.info,$2a$10$Mc5rsBz5D7h0fQLmeU3ZDuj1p77dDGX8m8gyeXODmgy9LaLIG9v0O
JosepMariaIzquierdo784@whatthefish.info,$2a$10$Mc5rsBz5D7h0fQLmeU3ZDuj1p77dDGX8m8gyeXODmgy9LaLIG9v0O
EladioRivas623@whatthefish.info,$2a$10$Mc5rsBz5D7h0fQLmeU3ZDuj1p77dDGX8m8gyeXODmgy9LaLIG9v0O
JulioBlas562@whatthefish.info,$2a$10$Mc5rsBz5D7h0fQLmeU3ZDuj1p77dDGX8m8gyeXODmgy9LaLIG9v0O
ClotildeJimena389@whatthefish.info,$2a$10$Mc5rsBz5D7h0fQLmeU3ZDuj1p77dDGX8m8gyeXODmgy9LaLIG9v0O
JoseMonje553@whatthefish.info,$2a$10$Mc5rsBz5D7h0fQLmeU3ZDuj1p77dDGX8m8gyeXODmgy9LaLIG9v0O
CaridadCervera509@whatthefish.info,$2a$10$Mc5rsBz5D7h0fQLmeU3ZDuj1p77dDGX8m8gyeXODmgy9LaLIG9v0O
SoniaPorto702@whatthefish.info,$2a$10$Mc5rsBz5D7h0fQLmeU3ZDuj1p77dDGX8m8gyeXODmgy9LaLIG9v0O
JoseGarcia92@whatthefish.info,$2a$10$Mc5rsBz5D7h0fQLmeU3ZDuj1p77dDGX8m8gyeXODmgy9LaLIG9v0O
AlejandroArjona345@whatthefish.info,$2a$10$Mc5rsBz5D7h0fQLmeU3ZDuj1p77dDGX8m8gyeXODmgy9LaLIG9v0O
HassanIglesias466@whatthefish.info,$2a$10$Mc5rsBz5D7h0fQLmeU3ZDuj1p77dDGX8m8gyeXODmgy9LaLIG9v0O
JuanArboledas472@whatthefish.info,$2a$10$Mc5rsBz5D7h0fQLmeU3ZDuj1p77dDGX8m8gyeXODmgy9LaLIG9v0O
SheilaMartin333@whatthefish.info,$2a$10$Mc5rsBz5D7h0fQLmeU3ZDuj1p77dDGX8m8gyeXODmgy9LaLIG9v0O
AnastasiaCox313@whatthefish.info,$2a$10$Mc5rsBz5D7h0fQLmeU3ZDuj1p77dDGX8m8gyeXODmgy9LaLIG9v0O
AsuncionMariaGallardo558@whatthefish.info,$2a$10$Mc5rsBz5D7h0fQLmeU3ZDuj1p77dDGX8m8gyeXODmgy9LaLIG9v0O
TomasaMeseguer848@whatthefish.info,$2a$10$Mc5rsBz5D7h0fQLmeU3ZDuj1p77dDGX8m8gyeXODmgy9LaLIG9v0O
SamanthaMartin836@whatthefish.info,$2a$10$Mc5rsBz5D7h0fQLmeU3ZDuj1p77dDGX8m8gyeXODmgy9LaLIG9v0O
AriadnaMartinez146@whatthefish.info,$2a$10$Mc5rsBz5D7h0fQLmeU3ZDuj1p77dDGX8m8gyeXODmgy9LaLIG9v0O
JoseLuisMedel143@whatthefish.info,$2a$10$Mc5rsBz5D7h0fQLmeU3ZDuj1p77dDGX8m8gyeXODmgy9LaLIG9v0O
AlbertoIvanAlonso997@whatthefish.info,$2a$10$Mc5rsBz5D7h0fQLmeU3ZDuj1p77dDGX8m8gyeXODmgy9LaLIG9v0O
AntonioLopez640@whatthefish.info,$2a$10$Mc5rsBz5D7h0fQLmeU3ZDuj1p77dDGX8m8gyeXODmgy9LaLIG9v0O
SusanaAstorga239@whatthefish.info,$2a$10$Mc5rsBz5D7h0fQLmeU3ZDuj1p77dDGX8m8gyeXODmgy9LaLIG9v0O
JosePareja235@whatthefish.info,$2a$10$Mc5rsBz5D7h0fQLmeU3ZDuj1p77dDGX8m8gyeXODmgy9LaLIG9v0O
MichaelJohnVazquez743@whatthefish.info,$2a$10$Mc5rsBz5D7h0fQLmeU3ZDuj1p77dDGX8m8gyeXODmgy9LaLIG9v0O
PauToba867@whatthefish.info,$2a$10$Mc5rsBz5D7h0fQLmeU3ZDuj1p77dDGX8m8gyeXODmgy9LaLIG9v0O
DavidCazorla272@whatthefish.info,$2a$10$Mc5rsBz5D7h0fQLmeU3ZDuj1p77dDGX8m8gyeXODmgy9LaLIG9v0O
JoseLuisViciedo586@whatthefish.info,$2a$10$Mc5rsBz5D7h0fQLmeU3ZDuj1p77dDGX8m8gyeXODmgy9LaLIG9v0O
PiotrMartinez463@whatthefish.info,$2a$10$Mc5rsBz5D7h0fQLmeU3ZDuj1p77dDGX8m8gyeXODmgy9LaLIG9v0O
ConcepcionPardo118@whatthefish.info,$2a$10$Mc5rsBz5D7h0fQLmeU3ZDuj1p77dDGX8m8gyeXODmgy9LaLIG9v0O
DanielRamirez996@whatthefish.info,$2a$10$Mc5rsBz5D7h0fQLmeU3ZDuj1p77dDGX8m8gyeXODmgy9LaLIG9v0O
MariaEncarnacionTomas786@whatthefish.info,$2a$10$Mc5rsBz5D7h0fQLmeU3ZDuj1p77dDGX8m8gyeXODmgy9LaLIG9v0O
MiguelAngelMallen19@whatthefish.info,$2a$10$Mc5rsBz5D7h0fQLmeU3ZDuj1p77dDGX8m8gyeXODmgy9LaLIG9v0O
YassineBermudez246@whatthefish.info,$2a$10$Mc5rsBz5D7h0fQLmeU3ZDuj1p77dDGX8m8gyeXODmgy9LaLIG9v0O
PatriciaAbrines721@whatthefish.info,$2a$10$Mc5rsBz5D7h0fQLmeU3ZDuj1p77dDGX8m8gyeXODmgy9LaLIG9v0O
PedroPeña9@whatthefish.info,$2a$10$Mc5rsBz5D7h0fQLmeU3ZDuj1p77dDGX8m8gyeXODmgy9LaLIG9v0O
JoseDelgado397@whatthefish.info,$2a$10$Mc5rsBz5D7h0fQLmeU3ZDuj1p77dDGX8m8gyeXODmgy9LaLIG9v0O
FranciscoNistal143@whatthefish.info,$2a$10$Mc5rsBz5D7h0fQLmeU3ZDuj1p77dDGX8m8gyeXODmgy9LaLIG9v0O
AntoniaHernandez83@whatthefish.info,$2a$10$Mc5rsBz5D7h0fQLmeU3ZDuj1p77dDGX8m8gyeXODmgy9LaLIG9v0O
JuanBautistaParra509@whatthefish.info,$2a$10$Mc5rsBz5D7h0fQLmeU3ZDuj1p77dDGX8m8gyeXODmgy9LaLIG9v0O
ConstantinoPazos425@whatthefish.info,$2a$10$Mc5rsBz5D7h0fQLmeU3ZDuj1p77dDGX8m8gyeXODmgy9LaLIG9v0O
ManuelaSalazar6@whatthefish.info,$2a$10$Mc5rsBz5D7h0fQLmeU3ZDuj1p77dDGX8m8gyeXODmgy9LaLIG9v0O
AndresAntonioWebb691@whatthefish.info,$2a$10$Mc5rsBz5D7h0fQLmeU3ZDuj1p77dDGX8m8gyeXODmgy9LaLIG9v0O
JuanVelasco886@whatthefish.info,$2a$10$Mc5rsBz5D7h0fQLmeU3ZDuj1p77dDGX8m8gyeXODmgy9LaLIG9v0O
CristianAguilera272@whatthefish.info,$2a$10$Mc5rsBz5D7h0fQLmeU3ZDuj1p77dDGX8m8gyeXODmgy9LaLIG9v0O
EnzoMartin379@whatthefish.info,$2a$10$Mc5rsBz5D7h0fQLmeU3ZDuj1p77dDGX8m8gyeXODmgy9LaLIG9v0O
PabloJones242@whatthefish.info,$2a$10$Mc5rsBz5D7h0fQLmeU3ZDuj1p77dDGX8m8gyeXODmgy9LaLIG9v0O
CesarLorenzo497@whatthefish.info,$2a$10$Mc5rsBz5D7h0fQLmeU3ZDuj1p77dDGX8m8gyeXODmgy9LaLIG9v0O
JuanPedroLopez162@whatthefish.info,$2a$10$Mc5rsBz5D7h0fQLmeU3ZDuj1p77dDGX8m8gyeXODmgy9LaLIG9v0O
GuillaumeMartinez892@whatthefish.info,$2a$10$Mc5rsBz5D7h0fQLmeU3ZDuj1p77dDGX8m8gyeXODmgy9LaLIG9v0O
IsabelMariaVicente173@whatthefish.info,$2a$10$Mc5rsBz5D7h0fQLmeU3ZDuj1p77dDGX8m8gyeXODmgy9LaLIG9v0O
SaioaGonzalez54@whatthefish.info,$2a$10$Mc5rsBz5D7h0fQLmeU3ZDuj1p77dDGX8m8gyeXODmgy9LaLIG9v0O
MariaCarmenFernandez664@whatthefish.info,$2a$10$Mc5rsBz5D7h0fQLmeU3ZDuj1p77dDGX8m8gyeXODmgy9LaLIG9v0O
MartinGarcia180@whatthefish.info,$2a$10$Mc5rsBz5D7h0fQLmeU3ZDuj1p77dDGX8m8gyeXODmgy9LaLIG9v0O
TomasPardo160@whatthefish.info,$2a$10$Mc5rsBz5D7h0fQLmeU3ZDuj1p77dDGX8m8gyeXODmgy9LaLIG9v0O
PaulinaManjon490@whatthefish.info,$2a$10$Mc5rsBz5D7h0fQLmeU3ZDuj1p77dDGX8m8gyeXODmgy9LaLIG9v0O
SandraVicente878@whatthefish.info,$2a$10$Mc5rsBz5D7h0fQLmeU3ZDuj1p77dDGX8m8gyeXODmgy9LaLIG9v0O
JoseAngelRuiz973@whatthefish.info,$2a$10$Mc5rsBz5D7h0fQLmeU3ZDuj1p77dDGX8m8gyeXODmgy9LaLIG9v0O
FranciscoJoseBeneto695@whatthefish.info,$2a$10$Mc5rsBz5D7h0fQLmeU3ZDuj1p77dDGX8m8gyeXODmgy9LaLIG9v0O
JoseAntonioMuñoz911@whatthefish.info,$2a$10$Mc5rsBz5D7h0fQLmeU3ZDuj1p77dDGX8m8gyeXODmgy9LaLIG9v0O
IgnacioParamo782@whatthefish.info,$2a$10$Mc5rsBz5D7h0fQLmeU3ZDuj1p77dDGX8m8gyeXODmgy9LaLIG9v0O
JoseGonzalez638@whatthefish.info,$2a$10$Mc5rsBz5D7h0fQLmeU3ZDuj1p77dDGX8m8gyeXODmgy9LaLIG9v0O
ManuelMartinez505@whatthefish.info,$2a$10$Mc5rsBz5D7h0fQLmeU3ZDuj1p77dDGX8m8gyeXODmgy9LaLIG9v0O
MirenJosuNavarro93@whatthefish.info,$2a$10$Mc5rsBz5D7h0fQLmeU3ZDuj1p77dDGX8m8gyeXODmgy9LaLIG9v0O
MariaDoloresGomez861@whatthefish.info,$2a$10$Mc5rsBz5D7h0fQLmeU3ZDuj1p77dDGX8m8gyeXODmgy9LaLIG9v0O
IssamFernandez544@whatthefish.info,$2a$10$Mc5rsBz5D7h0fQLmeU3ZDuj1p77dDGX8m8gyeXODmgy9LaLIG9v0O
RosaGutierrez808@whatthefish.info,$2a$10$Mc5rsBz5D7h0fQLmeU3ZDuj1p77dDGX8m8gyeXODmgy9LaLIG9v0O
KostadinTellez863@whatthefish.info,$2a$10$Mc5rsBz5D7h0fQLmeU3ZDuj1p77dDGX8m8gyeXODmgy9LaLIG9v0O
JordiPradillo698@whatthefish.info,$2a$10$Mc5rsBz5D7h0fQLmeU3ZDuj1p77dDGX8m8gyeXODmgy9LaLIG9v0O
MiguelAngelGarcia473@whatthefish.info,$2a$10$Mc5rsBz5D7h0fQLmeU3ZDuj1p77dDGX8m8gyeXODmgy9LaLIG9v0O
LuciaGarcia907@whatthefish.info,$2a$10$Mc5rsBz5D7h0fQLmeU3ZDuj1p77dDGX8m8gyeXODmgy9LaLIG9v0O
ManuelBeato778@whatthefish.info,$2a$10$Mc5rsBz5D7h0fQLmeU3ZDuj1p77dDGX8m8gyeXODmgy9LaLIG9v0O
RafaelJoseMontalvo77@whatthefish.info,$2a$10$Mc5rsBz5D7h0fQLmeU3ZDuj1p77dDGX8m8gyeXODmgy9LaLIG9v0O
RafaelCalderon669@whatthefish.info,$2a$10$Mc5rsBz5D7h0fQLmeU3ZDuj1p77dDGX8m8gyeXODmgy9LaLIG9v0O
JoseAntonioGomis314@whatthefish.info,$2a$10$Mc5rsBz5D7h0fQLmeU3ZDuj1p77dDGX8m8gyeXODmgy9LaLIG9v0O
SoniaMariaPerez743@whatthefish.info,$2a$10$Mc5rsBz5D7h0fQLmeU3ZDuj1p77dDGX8m8gyeXODmgy9LaLIG9v0O
PedroJuanBarragan669@whatthefish.info,$2a$10$Mc5rsBz5D7h0fQLmeU3ZDuj1p77dDGX8m8gyeXODmgy9LaLIG9v0O
OleksandrGallego128@whatthefish.info,$2a$10$Mc5rsBz5D7h0fQLmeU3ZDuj1p77dDGX8m8gyeXODmgy9LaLIG9v0O
DanielMartinez407@whatthefish.info,$2a$10$Mc5rsBz5D7h0fQLmeU3ZDuj1p77dDGX8m8gyeXODmgy9LaLIG9v0O
AlbertoLopez482@whatthefish.info,$2a$10$Mc5rsBz5D7h0fQLmeU3ZDuj1p77dDGX8m8gyeXODmgy9LaLIG9v0O
EzequielVesga999@whatthefish.info,$2a$10$Mc5rsBz5D7h0fQLmeU3ZDuj1p77dDGX8m8gyeXODmgy9LaLIG9v0O
DioniPerez344@whatthefish.info,$2a$10$Mc5rsBz5D7h0fQLmeU3ZDuj1p77dDGX8m8gyeXODmgy9LaLIG9v0O
EmilioMartinez100@whatthefish.info,$2a$10$Mc5rsBz5D7h0fQLmeU3ZDuj1p77dDGX8m8gyeXODmgy9LaLIG9v0O
IsabelCampbell433@whatthefish.info,$2a$10$Mc5rsBz5D7h0fQLmeU3ZDuj1p77dDGX8m8gyeXODmgy9LaLIG9v0O
MiriamAngelesSanBruno855@whatthefish.info,$2a$10$Mc5rsBz5D7h0fQLmeU3ZDuj1p77dDGX8m8gyeXODmgy9LaLIG9v0O
AlbertoJaimeCantero457@whatthefish.info,$2a$10$Mc5rsBz5D7h0fQLmeU3ZDuj1p77dDGX8m8gyeXODmgy9LaLIG9v0O
MariaCarmenMinguez308@whatthefish.info,$2a$10$Mc5rsBz5D7h0fQLmeU3ZDuj1p77dDGX8m8gyeXODmgy9LaLIG9v0O
LydiaMoya845@whatthefish.info,$2a$10$Mc5rsBz5D7h0fQLmeU3ZDuj1p77dDGX8m8gyeXODmgy9LaLIG9v0O
SaidFurio703@whatthefish.info,$2a$10$Mc5rsBz5D7h0fQLmeU3ZDuj1p77dDGX8m8gyeXODmgy9LaLIG9v0O
JuanCarlosMolinero792@whatthefish.info,$2a$10$Mc5rsBz5D7h0fQLmeU3ZDuj1p77dDGX8m8gyeXODmgy9LaLIG9v0O
NayeliAlvarez486@whatthefish.info,$2a$10$Mc5rsBz5D7h0fQLmeU3ZDuj1p77dDGX8m8gyeXODmgy9LaLIG9v0O
AndreaGallastegui54@whatthefish.info,$2a$10$Mc5rsBz5D7h0fQLmeU3ZDuj1p77dDGX8m8gyeXODmgy9LaLIG9v0O
ManuelVicenteGordillo301@whatthefish.info,$2a$10$Mc5rsBz5D7h0fQLmeU3ZDuj1p77dDGX8m8gyeXODmgy9LaLIG9v0O
SoniaGago467@whatthefish.info,$2a$10$Mc5rsBz5D7h0fQLmeU3ZDuj1p77dDGX8m8gyeXODmgy9LaLIG9v0O
AdilEsteban489@whatthefish.info,$2a$10$Mc5rsBz5D7h0fQLmeU3ZDuj1p77dDGX8m8gyeXODmgy9LaLIG9v0O
JoseMariaChust889@whatthefish.info,$2a$10$Mc5rsBz5D7h0fQLmeU3ZDuj1p77dDGX8m8gyeXODmgy9LaLIG9v0O
RosarioMorato840@whatthefish.info,$2a$10$Mc5rsBz5D7h0fQLmeU3ZDuj1p77dDGX8m8gyeXODmgy9LaLIG9v0O
FranciscoSanz955@whatthefish.info,$2a$10$Mc5rsBz5D7h0fQLmeU3ZDuj1p77dDGX8m8gyeXODmgy9LaLIG9v0O
FranciscoBurgos171@whatthefish.info,$2a$10$Mc5rsBz5D7h0fQLmeU3ZDuj1p77dDGX8m8gyeXODmgy9LaLIG9v0O
FranciscoDuque811@whatthefish.info,$2a$10$Mc5rsBz5D7h0fQLmeU3ZDuj1p77dDGX8m8gyeXODmgy9LaLIG9v0O
RafaelaAblanedo258@whatthefish.info,$2a$10$Mc5rsBz5D7h0fQLmeU3ZDuj1p77dDGX8m8gyeXODmgy9LaLIG9v0O
IkerJoanCarmona715@whatthefish.info,$2a$10$Mc5rsBz5D7h0fQLmeU3ZDuj1p77dDGX8m8gyeXODmgy9LaLIG9v0O
AngelBernad395@whatthefish.info,$2a$10$Mc5rsBz5D7h0fQLmeU3ZDuj1p77dDGX8m8gyeXODmgy9LaLIG9v0O
IkerGimenez37@whatthefish.info,$2a$10$Mc5rsBz5D7h0fQLmeU3ZDuj1p77dDGX8m8gyeXODmgy9LaLIG9v0O
MaryAnneManzano339@whatthefish.info,$2a$10$Mc5rsBz5D7h0fQLmeU3ZDuj1p77dDGX8m8gyeXODmgy9LaLIG9v0O
ManuelSalazar866@whatthefish.info,$2a$10$Mc5rsBz5D7h0fQLmeU3ZDuj1p77dDGX8m8gyeXODmgy9LaLIG9v0O
MartaEscobar824@whatthefish.info,$2a$10$Mc5rsBz5D7h0fQLmeU3ZDuj1p77dDGX8m8gyeXODmgy9LaLIG9v0O
PabloVila924@whatthefish.info,$2a$10$Mc5rsBz5D7h0fQLmeU3ZDuj1p77dDGX8m8gyeXODmgy9LaLIG9v0O
RosaMariaCea663@whatthefish.info,$2a$10$Mc5rsBz5D7h0fQLmeU3ZDuj1p77dDGX8m8gyeXODmgy9LaLIG9v0O
CarlosFelipeFernandez525@whatthefish.info,$2a$10$Mc5rsBz5D7h0fQLmeU3ZDuj1p77dDGX8m8gyeXODmgy9LaLIG9v0O
MimonAraujo137@whatthefish.info,$2a$10$Mc5rsBz5D7h0fQLmeU3ZDuj1p77dDGX8m8gyeXODmgy9LaLIG9v0O
JoseLuisRodriguez592@whatthefish.info,$2a$10$Mc5rsBz5D7h0fQLmeU3ZDuj1p77dDGX8m8gyeXODmgy9LaLIG9v0O
AlfredoNavarro440@whatthefish.info,$2a$10$Mc5rsBz5D7h0fQLmeU3ZDuj1p77dDGX8m8gyeXODmgy9LaLIG9v0O
JoseSantiagoElKhattab217@whatthefish.info,$2a$10$Mc5rsBz5D7h0fQLmeU3ZDuj1p77dDGX8m8gyeXODmgy9LaLIG9v0O
VioletaValera766@whatthefish.info,$2a$10$Mc5rsBz5D7h0fQLmeU3ZDuj1p77dDGX8m8gyeXODmgy9LaLIG9v0O
AgustinReyes93@whatthefish.info,$2a$10$Mc5rsBz5D7h0fQLmeU3ZDuj1p77dDGX8m8gyeXODmgy9LaLIG9v0O
UrbanoBlasco419@whatthefish.info,$2a$10$Mc5rsBz5D7h0fQLmeU3ZDuj1p77dDGX8m8gyeXODmgy9LaLIG9v0O
JaimeCarrobles656@whatthefish.info,$2a$10$Mc5rsBz5D7h0fQLmeU3ZDuj1p77dDGX8m8gyeXODmgy9LaLIG9v0O
RafaelLarraz696@whatthefish.info,$2a$10$Mc5rsBz5D7h0fQLmeU3ZDuj1p77dDGX8m8gyeXODmgy9LaLIG9v0O
MargaritaHernandez588@whatthefish.info,$2a$10$Mc5rsBz5D7h0fQLmeU3ZDuj1p77dDGX8m8gyeXODmgy9LaLIG9v0O
ManuelJesusSantos251@whatthefish.info,$2a$10$Mc5rsBz5D7h0fQLmeU3ZDuj1p77dDGX8m8gyeXODmgy9LaLIG9v0O
CalinValls483@whatthefish.info,$2a$10$Mc5rsBz5D7h0fQLmeU3ZDuj1p77dDGX8m8gyeXODmgy9LaLIG9v0O
ErkudenGimenez898@whatthefish.info,$2a$10$Mc5rsBz5D7h0fQLmeU3ZDuj1p77dDGX8m8gyeXODmgy9LaLIG9v0O
JoseManuelHeredia419@whatthefish.info,$2a$10$Mc5rsBz5D7h0fQLmeU3ZDuj1p77dDGX8m8gyeXODmgy9LaLIG9v0O
AlfonsoReyes119@whatthefish.info,$2a$10$Mc5rsBz5D7h0fQLmeU3ZDuj1p77dDGX8m8gyeXODmgy9LaLIG9v0O
ErikSuarez608@whatthefish.info,$2a$10$Mc5rsBz5D7h0fQLmeU3ZDuj1p77dDGX8m8gyeXODmgy9LaLIG9v0O
JosePastor509@whatthefish.info,$2a$10$Mc5rsBz5D7h0fQLmeU3ZDuj1p77dDGX8m8gyeXODmgy9LaLIG9v0O
JuanGonzalez185@whatthefish.info,$2a$10$Mc5rsBz5D7h0fQLmeU3ZDuj1p77dDGX8m8gyeXODmgy9LaLIG9v0O
AntonioJoseCarrillo603@whatthefish.info,$2a$10$Mc5rsBz5D7h0fQLmeU3ZDuj1p77dDGX8m8gyeXODmgy9LaLIG9v0O
MohammedVazquez834@whatthefish.info,$2a$10$Mc5rsBz5D7h0fQLmeU3ZDuj1p77dDGX8m8gyeXODmgy9LaLIG9v0O
EfrenPlanells899@whatthefish.info,$2a$10$Mc5rsBz5D7h0fQLmeU3ZDuj1p77dDGX8m8gyeXODmgy9LaLIG9v0O
FernandoRodriguez771@whatthefish.info,$2a$10$Mc5rsBz5D7h0fQLmeU3ZDuj1p77dDGX8m8gyeXODmgy9LaLIG9v0O
MilagrosGomez896@whatthefish.info,$2a$10$Mc5rsBz5D7h0fQLmeU3ZDuj1p77dDGX8m8gyeXODmgy9LaLIG9v0O
JesusTorro976@whatthefish.info,$2a$10$Mc5rsBz5D7h0fQLmeU3ZDuj1p77dDGX8m8gyeXODmgy9LaLIG9v0O
AintzaneFernandez738@whatthefish.info,$2a$10$Mc5rsBz5D7h0fQLmeU3ZDuj1p77dDGX8m8gyeXODmgy9LaLIG9v0O
JuanManuelNieto363@whatthefish.info,$2a$10$Mc5rsBz5D7h0fQLmeU3ZDuj1p77dDGX8m8gyeXODmgy9LaLIG9v0O
CarlosOlivares250@whatthefish.info,$2a$10$Mc5rsBz5D7h0fQLmeU3ZDuj1p77dDGX8m8gyeXODmgy9LaLIG9v0O
CristinaGonzalez747@whatthefish.info,$2a$10$Mc5rsBz5D7h0fQLmeU3ZDuj1p77dDGX8m8gyeXODmgy9LaLIG9v0O
AnasRamirez386@whatthefish.info,$2a$10$Mc5rsBz5D7h0fQLmeU3ZDuj1p77dDGX8m8gyeXODmgy9LaLIG9v0O
DomingoAlba533@whatthefish.info,$2a$10$Mc5rsBz5D7h0fQLmeU3ZDuj1p77dDGX8m8gyeXODmgy9LaLIG9v0O
IliasTriola623@whatthefish.info,$2a$10$Mc5rsBz5D7h0fQLmeU3ZDuj1p77dDGX8m8gyeXODmgy9LaLIG9v0O
MariaLuzRamirez650@whatthefish.info,$2a$10$Mc5rsBz5D7h0fQLmeU3ZDuj1p77dDGX8m8gyeXODmgy9LaLIG9v0O
AnibalQuiros438@whatthefish.info,$2a$10$Mc5rsBz5D7h0fQLmeU3ZDuj1p77dDGX8m8gyeXODmgy9LaLIG9v0O
CarlosManuelDaCosta986@whatthefish.info,$2a$10$Mc5rsBz5D7h0fQLmeU3ZDuj1p77dDGX8m8gyeXODmgy9LaLIG9v0O
LauraBailey732@whatthefish.info,$2a$10$Mc5rsBz5D7h0fQLmeU3ZDuj1p77dDGX8m8gyeXODmgy9LaLIG9v0O
JoseRodriguez757@whatthefish.info,$2a$10$Mc5rsBz5D7h0fQLmeU3ZDuj1p77dDGX8m8gyeXODmgy9LaLIG9v0O
VicenteMurillo792@whatthefish.info,$2a$10$Mc5rsBz5D7h0fQLmeU3ZDuj1p77dDGX8m8gyeXODmgy9LaLIG9v0O
CheikhPeña876@whatthefish.info,$2a$10$Mc5rsBz5D7h0fQLmeU3ZDuj1p77dDGX8m8gyeXODmgy9LaLIG9v0O
AntonioManjonCabeza245@whatthefish.info,$2a$10$Mc5rsBz5D7h0fQLmeU3ZDuj1p77dDGX8m8gyeXODmgy9LaLIG9v0O
RicardoRevilla975@whatthefish.info,$2a$10$Mc5rsBz5D7h0fQLmeU3ZDuj1p77dDGX8m8gyeXODmgy9LaLIG9v0O
OliverSagarra930@whatthefish.info,$2a$10$Mc5rsBz5D7h0fQLmeU3ZDuj1p77dDGX8m8gyeXODmgy9LaLIG9v0O
JosepMariaBlanco344@whatthefish.info,$2a$10$Mc5rsBz5D7h0fQLmeU3ZDuj1p77dDGX8m8gyeXODmgy9LaLIG9v0O
JoaquinAntonioPostigo246@whatthefish.info,$2a$10$Mc5rsBz5D7h0fQLmeU3ZDuj1p77dDGX8m8gyeXODmgy9LaLIG9v0O
MarcRodriguez196@whatthefish.info,$2a$10$Mc5rsBz5D7h0fQLmeU3ZDuj1p77dDGX8m8gyeXODmgy9LaLIG9v0O
EneritzPuyol429@whatthefish.info,$2a$10$Mc5rsBz5D7h0fQLmeU3ZDuj1p77dDGX8m8gyeXODmgy9LaLIG9v0O
FranciscoLopez126@whatthefish.info,$2a$10$Mc5rsBz5D7h0fQLmeU3ZDuj1p77dDGX8m8gyeXODmgy9LaLIG9v0O
CarmenGuinaldo109@whatthefish.info,$2a$10$Mc5rsBz5D7h0fQLmeU3ZDuj1p77dDGX8m8gyeXODmgy9LaLIG9v0O
NazimAlonso743@whatthefish.info,$2a$10$Mc5rsBz5D7h0fQLmeU3ZDuj1p77dDGX8m8gyeXODmgy9LaLIG9v0O
MariaNievesMena895@whatthefish.info,$2a$10$Mc5rsBz5D7h0fQLmeU3ZDuj1p77dDGX8m8gyeXODmgy9LaLIG9v0O
MariaCarmenLara504@whatthefish.info,$2a$10$Mc5rsBz5D7h0fQLmeU3ZDuj1p77dDGX8m8gyeXODmgy9LaLIG9v0O
JoseManuelGonzalez982@whatthefish.info,$2a$10$Mc5rsBz5D7h0fQLmeU3ZDuj1p77dDGX8m8gyeXODmgy9LaLIG9v0O
MariaJosefaSaez124@whatthefish.info,$2a$10$Mc5rsBz5D7h0fQLmeU3ZDuj1p77dDGX8m8gyeXODmgy9LaLIG9v0O
MarcosGuzman278@whatthefish.info,$2a$10$Mc5rsBz5D7h0fQLmeU3ZDuj1p77dDGX8m8gyeXODmgy9LaLIG9v0O
SaturninoRijo462@whatthefish.info,$2a$10$Mc5rsBz5D7h0fQLmeU3ZDuj1p77dDGX8m8gyeXODmgy9LaLIG9v0O
JoseLucianoTorres815@whatthefish.info,$2a$10$Mc5rsBz5D7h0fQLmeU3ZDuj1p77dDGX8m8gyeXODmgy9LaLIG9v0O
RafaelFernandez304@whatthefish.info,$2a$10$Mc5rsBz5D7h0fQLmeU3ZDuj1p77dDGX8m8gyeXODmgy9LaLIG9v0O
DjelloulMartinez556@whatthefish.info,$2a$10$Mc5rsBz5D7h0fQLmeU3ZDuj1p77dDGX8m8gyeXODmgy9LaLIG9v0O
JosefaSofiaMaestre925@whatthefish.info,$2a$10$Mc5rsBz5D7h0fQLmeU3ZDuj1p77dDGX8m8gyeXODmgy9LaLIG9v0O
JuanEloyBarranco877@whatthefish.info,$2a$10$Mc5rsBz5D7h0fQLmeU3ZDuj1p77dDGX8m8gyeXODmgy9LaLIG9v0O
MariaRocioMoreno686@whatthefish.info,$2a$10$Mc5rsBz5D7h0fQLmeU3ZDuj1p77dDGX8m8gyeXODmgy9LaLIG9v0O
RafaelLujan868@whatthefish.info,$2a$10$Mc5rsBz5D7h0fQLmeU3ZDuj1p77dDGX8m8gyeXODmgy9LaLIG9v0O
MariaIsabelSastre51@whatthefish.info,$2a$10$Mc5rsBz5D7h0fQLmeU3ZDuj1p77dDGX8m8gyeXODmgy9LaLIG9v0O
LuisDominguez990@whatthefish.info,$2a$10$Mc5rsBz5D7h0fQLmeU3ZDuj1p77dDGX8m8gyeXODmgy9LaLIG9v0O
LuisPons199@whatthefish.info,$2a$10$Mc5rsBz5D7h0fQLmeU3ZDuj1p77dDGX8m8gyeXODmgy9LaLIG9v0O
JesusCasanova989@whatthefish.info,$2a$10$Mc5rsBz5D7h0fQLmeU3ZDuj1p77dDGX8m8gyeXODmgy9LaLIG9v0O
LuisRobertoGimenez698@whatthefish.info,$2a$10$Mc5rsBz5D7h0fQLmeU3ZDuj1p77dDGX8m8gyeXODmgy9LaLIG9v0O
AbdouRodriguez191@whatthefish.info,$2a$10$Mc5rsBz5D7h0fQLmeU3ZDuj1p77dDGX8m8gyeXODmgy9LaLIG9v0O
JohannaPaolaBalsa641@whatthefish.info,$2a$10$Mc5rsBz5D7h0fQLmeU3ZDuj1p77dDGX8m8gyeXODmgy9LaLIG9v0O
ManuelMartinez897@whatthefish.info,$2a$10$Mc5rsBz5D7h0fQLmeU3ZDuj1p77dDGX8m8gyeXODmgy9LaLIG9v0O
CarlosMartinez902@whatthefish.info,$2a$10$Mc5rsBz5D7h0fQLmeU3ZDuj1p77dDGX8m8gyeXODmgy9LaLIG9v0O
FrutosSanz951@whatthefish.info,$2a$10$Mc5rsBz5D7h0fQLmeU3ZDuj1p77dDGX8m8gyeXODmgy9LaLIG9v0O
CarolinaZorrilla114@whatthefish.info,$2a$10$Mc5rsBz5D7h0fQLmeU3ZDuj1p77dDGX8m8gyeXODmgy9LaLIG9v0O
JoseCarlosJuaneda195@whatthefish.info,$2a$10$Mc5rsBz5D7h0fQLmeU3ZDuj1p77dDGX8m8gyeXODmgy9LaLIG9v0O
OlgaFernandez165@whatthefish.info,$2a$10$Mc5rsBz5D7h0fQLmeU3ZDuj1p77dDGX8m8gyeXODmgy9LaLIG9v0O
EvaMariaFernandez38@whatthefish.info,$2a$10$Mc5rsBz5D7h0fQLmeU3ZDuj1p77dDGX8m8gyeXODmgy9LaLIG9v0O
MariaDoloresMarques490@whatthefish.info,$2a$10$Mc5rsBz5D7h0fQLmeU3ZDuj1p77dDGX8m8gyeXODmgy9LaLIG9v0O
HugoGarcia914@whatthefish.info,$2a$10$Mc5rsBz5D7h0fQLmeU3ZDuj1p77dDGX8m8gyeXODmgy9LaLIG9v0O
OliviaCabrera469@whatthefish.info,$2a$10$Mc5rsBz5D7h0fQLmeU3ZDuj1p77dDGX8m8gyeXODmgy9LaLIG9v0O
MariaLourdesGarcia193@whatthefish.info,$2a$10$Mc5rsBz5D7h0fQLmeU3ZDuj1p77dDGX8m8gyeXODmgy9LaLIG9v0O
PauMuñoz73@whatthefish.info,$2a$10$Mc5rsBz5D7h0fQLmeU3ZDuj1p77dDGX8m8gyeXODmgy9LaLIG9v0O
EmeritaMontenegro536@whatthefish.info,$2a$10$Mc5rsBz5D7h0fQLmeU3ZDuj1p77dDGX8m8gyeXODmgy9LaLIG9v0O
AinhoaRivas290@whatthefish.info,$2a$10$Mc5rsBz5D7h0fQLmeU3ZDuj1p77dDGX8m8gyeXODmgy9LaLIG9v0O
AngelsCerqueira49@whatthefish.info,$2a$10$Mc5rsBz5D7h0fQLmeU3ZDuj1p77dDGX8m8gyeXODmgy9LaLIG9v0O
IsidoroBaños479@whatthefish.info,$2a$10$Mc5rsBz5D7h0fQLmeU3ZDuj1p77dDGX8m8gyeXODmgy9LaLIG9v0O
AlejandroMiguelMarrodan878@whatthefish.info,$2a$10$Mc5rsBz5D7h0fQLmeU3ZDuj1p77dDGX8m8gyeXODmgy9LaLIG9v0O
JordiBaena534@whatthefish.info,$2a$10$Mc5rsBz5D7h0fQLmeU3ZDuj1p77dDGX8m8gyeXODmgy9LaLIG9v0O
ArturoPeraza803@whatthefish.info,$2a$10$Mc5rsBz5D7h0fQLmeU3ZDuj1p77dDGX8m8gyeXODmgy9LaLIG9v0O
MariaPilarPerez301@whatthefish.info,$2a$10$Mc5rsBz5D7h0fQLmeU3ZDuj1p77dDGX8m8gyeXODmgy9LaLIG9v0O
JuanLopez290@whatthefish.info,$2a$10$Mc5rsBz5D7h0fQLmeU3ZDuj1p77dDGX8m8gyeXODmgy9LaLIG9v0O
DanielCalvera629@whatthefish.info,$2a$10$Mc5rsBz5D7h0fQLmeU3ZDuj1p77dDGX8m8gyeXODmgy9LaLIG9v0O
JuanDominguez819@whatthefish.info,$2a$10$Mc5rsBz5D7h0fQLmeU3ZDuj1p77dDGX8m8gyeXODmgy9LaLIG9v0O
LuciaHidalgo822@whatthefish.info,$2a$10$Mc5rsBz5D7h0fQLmeU3ZDuj1p77dDGX8m8gyeXODmgy9LaLIG9v0O
MartaMartinez729@whatthefish.info,$2a$10$Mc5rsBz5D7h0fQLmeU3ZDuj1p77dDGX8m8gyeXODmgy9LaLIG9v0O
MariaJesusSargues32@whatthefish.info,$2a$10$Mc5rsBz5D7h0fQLmeU3ZDuj1p77dDGX8m8gyeXODmgy9LaLIG9v0O
MicheleSanchez277@whatthefish.info,$2a$10$Mc5rsBz5D7h0fQLmeU3ZDuj1p77dDGX8m8gyeXODmgy9LaLIG9v0O
ImanolSantome658@whatthefish.info,$2a$10$Mc5rsBz5D7h0fQLmeU3ZDuj1p77dDGX8m8gyeXODmgy9LaLIG9v0O
GenmaGomez882@whatthefish.info,$2a$10$Mc5rsBz5D7h0fQLmeU3ZDuj1p77dDGX8m8gyeXODmgy9LaLIG9v0O
AscensionSanchez219@whatthefish.info,$2a$10$Mc5rsBz5D7h0fQLmeU3ZDuj1p77dDGX8m8gyeXODmgy9LaLIG9v0O
FranciscoSun371@whatthefish.info,$2a$10$Mc5rsBz5D7h0fQLmeU3ZDuj1p77dDGX8m8gyeXODmgy9LaLIG9v0O
DanielBeltran621@whatthefish.info,$2a$10$Mc5rsBz5D7h0fQLmeU3ZDuj1p77dDGX8m8gyeXODmgy9LaLIG9v0O
JuanPedroSierra7@whatthefish.info,$2a$10$Mc5rsBz5D7h0fQLmeU3ZDuj1p77dDGX8m8gyeXODmgy9LaLIG9v0O
NasrallahBorras855@whatthefish.info,$2a$10$Mc5rsBz5D7h0fQLmeU3ZDuj1p77dDGX8m8gyeXODmgy9LaLIG9v0O
IlenaGarcia976@whatthefish.info,$2a$10$Mc5rsBz5D7h0fQLmeU3ZDuj1p77dDGX8m8gyeXODmgy9LaLIG9v0O
LuciaRomeu6@whatthefish.info,$2a$10$Mc5rsBz5D7h0fQLmeU3ZDuj1p77dDGX8m8gyeXODmgy9LaLIG9v0O
EnriqueCabaleiro533@whatthefish.info,$2a$10$Mc5rsBz5D7h0fQLmeU3ZDuj1p77dDGX8m8gyeXODmgy9LaLIG9v0O
CarlaLopez325@whatthefish.info,$2a$10$Mc5rsBz5D7h0fQLmeU3ZDuj1p77dDGX8m8gyeXODmgy9LaLIG9v0O
JoseAntonioMoles963@whatthefish.info,$2a$10$Mc5rsBz5D7h0fQLmeU3ZDuj1p77dDGX8m8gyeXODmgy9LaLIG9v0O
SaraSanchez857@whatthefish.info,$2a$10$Mc5rsBz5D7h0fQLmeU3ZDuj1p77dDGX8m8gyeXODmgy9LaLIG9v0O
PilarMariaMarin318@whatthefish.info,$2a$10$Mc5rsBz5D7h0fQLmeU3ZDuj1p77dDGX8m8gyeXODmgy9LaLIG9v0O
EmilioBruno25@whatthefish.info,$2a$10$Mc5rsBz5D7h0fQLmeU3ZDuj1p77dDGX8m8gyeXODmgy9LaLIG9v0O
JuanPedroSaenz377@whatthefish.info,$2a$10$Mc5rsBz5D7h0fQLmeU3ZDuj1p77dDGX8m8gyeXODmgy9LaLIG9v0O
HegoiCorvillo328@whatthefish.info,$2a$10$Mc5rsBz5D7h0fQLmeU3ZDuj1p77dDGX8m8gyeXODmgy9LaLIG9v0O
PedroBenyaich43@whatthefish.info,$2a$10$Mc5rsBz5D7h0fQLmeU3ZDuj1p77dDGX8m8gyeXODmgy9LaLIG9v0O
OscarPuchol587@whatthefish.info,$2a$10$Mc5rsBz5D7h0fQLmeU3ZDuj1p77dDGX8m8gyeXODmgy9LaLIG9v0O
JulenNava97@whatthefish.info,$2a$10$Mc5rsBz5D7h0fQLmeU3ZDuj1p77dDGX8m8gyeXODmgy9LaLIG9v0O
VictorMartinez746@whatthefish.info,$2a$10$Mc5rsBz5D7h0fQLmeU3ZDuj1p77dDGX8m8gyeXODmgy9LaLIG9v0O
AmaliaRuiz202@whatthefish.info,$2a$10$Mc5rsBz5D7h0fQLmeU3ZDuj1p77dDGX8m8gyeXODmgy9LaLIG9v0O
NicolasBravo821@whatthefish.info,$2a$10$Mc5rsBz5D7h0fQLmeU3ZDuj1p77dDGX8m8gyeXODmgy9LaLIG9v0O
JosepRamonConrado233@whatthefish.info,$2a$10$Mc5rsBz5D7h0fQLmeU3ZDuj1p77dDGX8m8gyeXODmgy9LaLIG9v0O
AnaMariaMuñoz252@whatthefish.info,$2a$10$Mc5rsBz5D7h0fQLmeU3ZDuj1p77dDGX8m8gyeXODmgy9LaLIG9v0O
NataliaRoman324@whatthefish.info,$2a$10$Mc5rsBz5D7h0fQLmeU3ZDuj1p77dDGX8m8gyeXODmgy9LaLIG9v0O
JesusAlmazan937@whatthefish.info,$2a$10$Mc5rsBz5D7h0fQLmeU3ZDuj1p77dDGX8m8gyeXODmgy9LaLIG9v0O
DulceMariaOdero599@whatthefish.info,$2a$10$Mc5rsBz5D7h0fQLmeU3ZDuj1p77dDGX8m8gyeXODmgy9LaLIG9v0O
LuisJavierGalvan681@whatthefish.info,$2a$10$Mc5rsBz5D7h0fQLmeU3ZDuj1p77dDGX8m8gyeXODmgy9LaLIG9v0O
EvelynAlvarez520@whatthefish.info,$2a$10$Mc5rsBz5D7h0fQLmeU3ZDuj1p77dDGX8m8gyeXODmgy9LaLIG9v0O
BernardinoGonzalez506@whatthefish.info,$2a$10$Mc5rsBz5D7h0fQLmeU3ZDuj1p77dDGX8m8gyeXODmgy9LaLIG9v0O
KevinGarcia621@whatthefish.info,$2a$10$Mc5rsBz5D7h0fQLmeU3ZDuj1p77dDGX8m8gyeXODmgy9LaLIG9v0O
VeronicaRegidor74@whatthefish.info,$2a$10$Mc5rsBz5D7h0fQLmeU3ZDuj1p77dDGX8m8gyeXODmgy9LaLIG9v0O
IsmaelCastaño705@whatthefish.info,$2a$10$Mc5rsBz5D7h0fQLmeU3ZDuj1p77dDGX8m8gyeXODmgy9LaLIG9v0O
AgustiMejia38@whatthefish.info,$2a$10$Mc5rsBz5D7h0fQLmeU3ZDuj1p77dDGX8m8gyeXODmgy9LaLIG9v0O
JoseIgnacioLopez397@whatthefish.info,$2a$10$Mc5rsBz5D7h0fQLmeU3ZDuj1p77dDGX8m8gyeXODmgy9LaLIG9v0O
MartaSeara803@whatthefish.info,$2a$10$Mc5rsBz5D7h0fQLmeU3ZDuj1p77dDGX8m8gyeXODmgy9LaLIG9v0O
PabloSerna925@whatthefish.info,$2a$10$Mc5rsBz5D7h0fQLmeU3ZDuj1p77dDGX8m8gyeXODmgy9LaLIG9v0O
AsuncionGaja987@whatthefish.info,$2a$10$Mc5rsBz5D7h0fQLmeU3ZDuj1p77dDGX8m8gyeXODmgy9LaLIG9v0O
HabibouRojo955@whatthefish.info,$2a$10$Mc5rsBz5D7h0fQLmeU3ZDuj1p77dDGX8m8gyeXODmgy9LaLIG9v0O
ManuelVela952@whatthefish.info,$2a$10$Mc5rsBz5D7h0fQLmeU3ZDuj1p77dDGX8m8gyeXODmgy9LaLIG9v0O
JuanJoseRueda943@whatthefish.info,$2a$10$Mc5rsBz5D7h0fQLmeU3ZDuj1p77dDGX8m8gyeXODmgy9LaLIG9v0O
JuanLuisCanovas225@whatthefish.info,$2a$10$Mc5rsBz5D7h0fQLmeU3ZDuj1p77dDGX8m8gyeXODmgy9LaLIG9v0O
DanielRodriguez146@whatthefish.info,$2a$10$Mc5rsBz5D7h0fQLmeU3ZDuj1p77dDGX8m8gyeXODmgy9LaLIG9v0O
JuanDiosHernandez234@whatthefish.info,$2a$10$Mc5rsBz5D7h0fQLmeU3ZDuj1p77dDGX8m8gyeXODmgy9LaLIG9v0O
ImtiazTarraga910@whatthefish.info,$2a$10$Mc5rsBz5D7h0fQLmeU3ZDuj1p77dDGX8m8gyeXODmgy9LaLIG9v0O
JessicaOrdoñez25@whatthefish.info,$2a$10$Mc5rsBz5D7h0fQLmeU3ZDuj1p77dDGX8m8gyeXODmgy9LaLIG9v0O
MariaCarmenBaltasar129@whatthefish.info,$2a$10$Mc5rsBz5D7h0fQLmeU3ZDuj1p77dDGX8m8gyeXODmgy9LaLIG9v0O
DoloresNavarro98@whatthefish.info,$2a$10$Mc5rsBz5D7h0fQLmeU3ZDuj1p77dDGX8m8gyeXODmgy9LaLIG9v0O
AntonioZuñiga663@whatthefish.info,$2a$10$Mc5rsBz5D7h0fQLmeU3ZDuj1p77dDGX8m8gyeXODmgy9LaLIG9v0O
JuanaRosaHe560@whatthefish.info,$2a$10$Mc5rsBz5D7h0fQLmeU3ZDuj1p77dDGX8m8gyeXODmgy9LaLIG9v0O
JuanaVazquez950@whatthefish.info,$2a$10$Mc5rsBz5D7h0fQLmeU3ZDuj1p77dDGX8m8gyeXODmgy9LaLIG9v0O
AnaIsabelRodriguez720@whatthefish.info,$2a$10$Mc5rsBz5D7h0fQLmeU3ZDuj1p77dDGX8m8gyeXODmgy9LaLIG9v0O
JacintoSantidrian242@whatthefish.info,$2a$10$Mc5rsBz5D7h0fQLmeU3ZDuj1p77dDGX8m8gyeXODmgy9LaLIG9v0O
IkerFernandez452@whatthefish.info,$2a$10$Mc5rsBz5D7h0fQLmeU3ZDuj1p77dDGX8m8gyeXODmgy9LaLIG9v0O
FranciscoManuelPerez904@whatthefish.info,$2a$10$Mc5rsBz5D7h0fQLmeU3ZDuj1p77dDGX8m8gyeXODmgy9LaLIG9v0O
AlanJoseNuñez825@whatthefish.info,$2a$10$Mc5rsBz5D7h0fQLmeU3ZDuj1p77dDGX8m8gyeXODmgy9LaLIG9v0O
JoseMarcosCampoy856@whatthefish.info,$2a$10$Mc5rsBz5D7h0fQLmeU3ZDuj1p77dDGX8m8gyeXODmgy9LaLIG9v0O
AbelardoMarañon618@whatthefish.info,$2a$10$Mc5rsBz5D7h0fQLmeU3ZDuj1p77dDGX8m8gyeXODmgy9LaLIG9v0O
MariaCarmenCanto605@whatthefish.info,$2a$10$Mc5rsBz5D7h0fQLmeU3ZDuj1p77dDGX8m8gyeXODmgy9LaLIG9v0O
ElenaSalcedo224@whatthefish.info,$2a$10$Mc5rsBz5D7h0fQLmeU3ZDuj1p77dDGX8m8gyeXODmgy9LaLIG9v0O
FranciscaGonzalez381@whatthefish.info,$2a$10$Mc5rsBz5D7h0fQLmeU3ZDuj1p77dDGX8m8gyeXODmgy9LaLIG9v0O
MagdalenaPerez947@whatthefish.info,$2a$10$Mc5rsBz5D7h0fQLmeU3ZDuj1p77dDGX8m8gyeXODmgy9LaLIG9v0O
JoseMariaMuñoz653@whatthefish.info,$2a$10$Mc5rsBz5D7h0fQLmeU3ZDuj1p77dDGX8m8gyeXODmgy9LaLIG9v0O
SilviaMarin606@whatthefish.info,$2a$10$Mc5rsBz5D7h0fQLmeU3ZDuj1p77dDGX8m8gyeXODmgy9LaLIG9v0O
OliverMorillo645@whatthefish.info,$2a$10$Mc5rsBz5D7h0fQLmeU3ZDuj1p77dDGX8m8gyeXODmgy9LaLIG9v0O
JuanJoseVargas45@whatthefish.info,$2a$10$Mc5rsBz5D7h0fQLmeU3ZDuj1p77dDGX8m8gyeXODmgy9LaLIG9v0O
JosefaLopez549@whatthefish.info,$2a$10$Mc5rsBz5D7h0fQLmeU3ZDuj1p77dDGX8m8gyeXODmgy9LaLIG9v0O
DavidMercader110@whatthefish.info,$2a$10$Mc5rsBz5D7h0fQLmeU3ZDuj1p77dDGX8m8gyeXODmgy9LaLIG9v0O
EvaMariaBarreda776@whatthefish.info,$2a$10$Mc5rsBz5D7h0fQLmeU3ZDuj1p77dDGX8m8gyeXODmgy9LaLIG9v0O
RubenMayordomo321@whatthefish.info,$2a$10$Mc5rsBz5D7h0fQLmeU3ZDuj1p77dDGX8m8gyeXODmgy9LaLIG9v0O
JoseIgnacioMelendo628@whatthefish.info,$2a$10$Mc5rsBz5D7h0fQLmeU3ZDuj1p77dDGX8m8gyeXODmgy9LaLIG9v0O
RafaelJoseBorrell663@whatthefish.info,$2a$10$Mc5rsBz5D7h0fQLmeU3ZDuj1p77dDGX8m8gyeXODmgy9LaLIG9v0O
FernandoDeLaRasilla82@whatthefish.info,$2a$10$Mc5rsBz5D7h0fQLmeU3ZDuj1p77dDGX8m8gyeXODmgy9LaLIG9v0O
MariaLourdesVicario704@whatthefish.info,$2a$10$Mc5rsBz5D7h0fQLmeU3ZDuj1p77dDGX8m8gyeXODmgy9LaLIG9v0O
MiguelGarcia959@whatthefish.info,$2a$10$Mc5rsBz5D7h0fQLmeU3ZDuj1p77dDGX8m8gyeXODmgy9LaLIG9v0O
AndranikGomez847@whatthefish.info,$2a$10$Mc5rsBz5D7h0fQLmeU3ZDuj1p77dDGX8m8gyeXODmgy9LaLIG9v0O
AurelioSanchez781@whatthefish.info,$2a$10$Mc5rsBz5D7h0fQLmeU3ZDuj1p77dDGX8m8gyeXODmgy9LaLIG9v0O
MiguelAngelCabrerizo842@whatthefish.info,$2a$10$Mc5rsBz5D7h0fQLmeU3ZDuj1p77dDGX8m8gyeXODmgy9LaLIG9v0O
MariaDoloresDelValle74@whatthefish.info,$2a$10$Mc5rsBz5D7h0fQLmeU3ZDuj1p77dDGX8m8gyeXODmgy9LaLIG9v0O
DanielTubau628@whatthefish.info,$2a$10$Mc5rsBz5D7h0fQLmeU3ZDuj1p77dDGX8m8gyeXODmgy9LaLIG9v0O
AmparoOjeda9@whatthefish.info,$2a$10$Mc5rsBz5D7h0fQLmeU3ZDuj1p77dDGX8m8gyeXODmgy9LaLIG9v0O
AnaBalea517@whatthefish.info,$2a$10$Mc5rsBz5D7h0fQLmeU3ZDuj1p77dDGX8m8gyeXODmgy9LaLIG9v0O
JosepMariaNaranjo993@whatthefish.info,$2a$10$Mc5rsBz5D7h0fQLmeU3ZDuj1p77dDGX8m8gyeXODmgy9LaLIG9v0O
MateoSolero879@whatthefish.info,$2a$10$Mc5rsBz5D7h0fQLmeU3ZDuj1p77dDGX8m8gyeXODmgy9LaLIG9v0O
LeandroRafaelArnau48@whatthefish.info,$2a$10$Mc5rsBz5D7h0fQLmeU3ZDuj1p77dDGX8m8gyeXODmgy9LaLIG9v0O
KarenLopez801@whatthefish.info,$2a$10$Mc5rsBz5D7h0fQLmeU3ZDuj1p77dDGX8m8gyeXODmgy9LaLIG9v0O
FrancescXavierFernandez664@whatthefish.info,$2a$10$Mc5rsBz5D7h0fQLmeU3ZDuj1p77dDGX8m8gyeXODmgy9LaLIG9v0O
CarlosRosa651@whatthefish.info,$2a$10$Mc5rsBz5D7h0fQLmeU3ZDuj1p77dDGX8m8gyeXODmgy9LaLIG9v0O
OscarBallo260@whatthefish.info,$2a$10$Mc5rsBz5D7h0fQLmeU3ZDuj1p77dDGX8m8gyeXODmgy9LaLIG9v0O
JessicaBofill770@whatthefish.info,$2a$10$Mc5rsBz5D7h0fQLmeU3ZDuj1p77dDGX8m8gyeXODmgy9LaLIG9v0O
JoseAntonioOcampo850@whatthefish.info,$2a$10$Mc5rsBz5D7h0fQLmeU3ZDuj1p77dDGX8m8gyeXODmgy9LaLIG9v0O
JuanRamonZambrano567@whatthefish.info,$2a$10$Mc5rsBz5D7h0fQLmeU3ZDuj1p77dDGX8m8gyeXODmgy9LaLIG9v0O
AntonioMarco381@whatthefish.info,$2a$10$Mc5rsBz5D7h0fQLmeU3ZDuj1p77dDGX8m8gyeXODmgy9LaLIG9v0O
OscarCabanillas296@whatthefish.info,$2a$10$Mc5rsBz5D7h0fQLmeU3ZDuj1p77dDGX8m8gyeXODmgy9LaLIG9v0O
MariaElenaMosquera234@whatthefish.info,$2a$10$Mc5rsBz5D7h0fQLmeU3ZDuj1p77dDGX8m8gyeXODmgy9LaLIG9v0O
VicentePau830@whatthefish.info,$2a$10$Mc5rsBz5D7h0fQLmeU3ZDuj1p77dDGX8m8gyeXODmgy9LaLIG9v0O
MiguelAngelLastra36@whatthefish.info,$2a$10$Mc5rsBz5D7h0fQLmeU3ZDuj1p77dDGX8m8gyeXODmgy9LaLIG9v0O
JavierGonzalez65@whatthefish.info,$2a$10$Mc5rsBz5D7h0fQLmeU3ZDuj1p77dDGX8m8gyeXODmgy9LaLIG9v0O
VicentaPrats900@whatthefish.info,$2a$10$Mc5rsBz5D7h0fQLmeU3ZDuj1p77dDGX8m8gyeXODmgy9LaLIG9v0O
ManuelPuerto76@whatthefish.info,$2a$10$Mc5rsBz5D7h0fQLmeU3ZDuj1p77dDGX8m8gyeXODmgy9LaLIG9v0O
GuillermoDeLaFe838@whatthefish.info,$2a$10$Mc5rsBz5D7h0fQLmeU3ZDuj1p77dDGX8m8gyeXODmgy9LaLIG9v0O
IvanJimenez859@whatthefish.info,$2a$10$Mc5rsBz5D7h0fQLmeU3ZDuj1p77dDGX8m8gyeXODmgy9LaLIG9v0O
GonzaloRaga886@whatthefish.info,$2a$10$Mc5rsBz5D7h0fQLmeU3ZDuj1p77dDGX8m8gyeXODmgy9LaLIG9v0O
JuanMorales6@whatthefish.info,$2a$10$Mc5rsBz5D7h0fQLmeU3ZDuj1p77dDGX8m8gyeXODmgy9LaLIG9v0O
OierSanchez604@whatthefish.info,$2a$10$Mc5rsBz5D7h0fQLmeU3ZDuj1p77dDGX8m8gyeXODmgy9LaLIG9v0O
JuanBarrera391@whatthefish.info,$2a$10$Mc5rsBz5D7h0fQLmeU3ZDuj1p77dDGX8m8gyeXODmgy9LaLIG9v0O
CarmenMoreno466@whatthefish.info,$2a$10$Mc5rsBz5D7h0fQLmeU3ZDuj1p77dDGX8m8gyeXODmgy9LaLIG9v0O
AntonioFlores427@whatthefish.info,$2a$10$Mc5rsBz5D7h0fQLmeU3ZDuj1p77dDGX8m8gyeXODmgy9LaLIG9v0O
GerardoEsteban460@whatthefish.info,$2a$10$Mc5rsBz5D7h0fQLmeU3ZDuj1p77dDGX8m8gyeXODmgy9LaLIG9v0O
FranciscoRomero539@whatthefish.info,$2a$10$Mc5rsBz5D7h0fQLmeU3ZDuj1p77dDGX8m8gyeXODmgy9LaLIG9v0O
JoseAntonioVelasco668@whatthefish.info,$2a$10$Mc5rsBz5D7h0fQLmeU3ZDuj1p77dDGX8m8gyeXODmgy9LaLIG9v0O
VinyetSanabria181@whatthefish.info,$2a$10$Mc5rsBz5D7h0fQLmeU3ZDuj1p77dDGX8m8gyeXODmgy9LaLIG9v0O
JoseMariaMartinez463@whatthefish.info,$2a$10$Mc5rsBz5D7h0fQLmeU3ZDuj1p77dDGX8m8gyeXODmgy9LaLIG9v0O
AdelaidaGallina661@whatthefish.info,$2a$10$Mc5rsBz5D7h0fQLmeU3ZDuj1p77dDGX8m8gyeXODmgy9LaLIG9v0O
OscarPintor700@whatthefish.info,$2a$10$Mc5rsBz5D7h0fQLmeU3ZDuj1p77dDGX8m8gyeXODmgy9LaLIG9v0O
JoseLuisLebrusan833@whatthefish.info,$2a$10$Mc5rsBz5D7h0fQLmeU3ZDuj1p77dDGX8m8gyeXODmgy9LaLIG9v0O
NoePalomo811@whatthefish.info,$2a$10$Mc5rsBz5D7h0fQLmeU3ZDuj1p77dDGX8m8gyeXODmgy9LaLIG9v0O
SergiRamos446@whatthefish.info,$2a$10$Mc5rsBz5D7h0fQLmeU3ZDuj1p77dDGX8m8gyeXODmgy9LaLIG9v0O
MariaIsabelGallardo612@whatthefish.info,$2a$10$Mc5rsBz5D7h0fQLmeU3ZDuj1p77dDGX8m8gyeXODmgy9LaLIG9v0O
AbderrahmanSaura136@whatthefish.info,$2a$10$Mc5rsBz5D7h0fQLmeU3ZDuj1p77dDGX8m8gyeXODmgy9LaLIG9v0O
EnriqueGabilondo978@whatthefish.info,$2a$10$Mc5rsBz5D7h0fQLmeU3ZDuj1p77dDGX8m8gyeXODmgy9LaLIG9v0O
JoseBerrocal366@whatthefish.info,$2a$10$Mc5rsBz5D7h0fQLmeU3ZDuj1p77dDGX8m8gyeXODmgy9LaLIG9v0O
JuanCarlosLorenzo839@whatthefish.info,$2a$10$Mc5rsBz5D7h0fQLmeU3ZDuj1p77dDGX8m8gyeXODmgy9LaLIG9v0O
MariaAngelesIrujo989@whatthefish.info,$2a$10$Mc5rsBz5D7h0fQLmeU3ZDuj1p77dDGX8m8gyeXODmgy9LaLIG9v0O
AntonioJesusSoler122@whatthefish.info,$2a$10$Mc5rsBz5D7h0fQLmeU3ZDuj1p77dDGX8m8gyeXODmgy9LaLIG9v0O
PedroAntonioSegura208@whatthefish.info,$2a$10$Mc5rsBz5D7h0fQLmeU3ZDuj1p77dDGX8m8gyeXODmgy9LaLIG9v0O
ManuelRuiz90@whatthefish.info,$2a$10$Mc5rsBz5D7h0fQLmeU3ZDuj1p77dDGX8m8gyeXODmgy9LaLIG9v0O
MiguelJimenez619@whatthefish.info,$2a$10$Mc5rsBz5D7h0fQLmeU3ZDuj1p77dDGX8m8gyeXODmgy9LaLIG9v0O
JoseRafaelFlores527@whatthefish.info,$2a$10$Mc5rsBz5D7h0fQLmeU3ZDuj1p77dDGX8m8gyeXODmgy9LaLIG9v0O
JuanCarlosSantiago203@whatthefish.info,$2a$10$Mc5rsBz5D7h0fQLmeU3ZDuj1p77dDGX8m8gyeXODmgy9LaLIG9v0O
JoseAntonioBouza494@whatthefish.info,$2a$10$Mc5rsBz5D7h0fQLmeU3ZDuj1p77dDGX8m8gyeXODmgy9LaLIG9v0O
GheorghePetri687@whatthefish.info,$2a$10$Mc5rsBz5D7h0fQLmeU3ZDuj1p77dDGX8m8gyeXODmgy9LaLIG9v0O
CristianHerves988@whatthefish.info,$2a$10$Mc5rsBz5D7h0fQLmeU3ZDuj1p77dDGX8m8gyeXODmgy9LaLIG9v0O
JordiGonzalez944@whatthefish.info,$2a$10$Mc5rsBz5D7h0fQLmeU3ZDuj1p77dDGX8m8gyeXODmgy9LaLIG9v0O
AnaMariaRipoll112@whatthefish.info,$2a$10$Mc5rsBz5D7h0fQLmeU3ZDuj1p77dDGX8m8gyeXODmgy9LaLIG9v0O
LuisRebull255@whatthefish.info,$2a$10$Mc5rsBz5D7h0fQLmeU3ZDuj1p77dDGX8m8gyeXODmgy9LaLIG9v0O
MoisesRepiso773@whatthefish.info,$2a$10$Mc5rsBz5D7h0fQLmeU3ZDuj1p77dDGX8m8gyeXODmgy9LaLIG9v0O
RachidExposito649@whatthefish.info,$2a$10$Mc5rsBz5D7h0fQLmeU3ZDuj1p77dDGX8m8gyeXODmgy9LaLIG9v0O
FranciscoValerianoNavarro491@whatthefish.info,$2a$10$Mc5rsBz5D7h0fQLmeU3ZDuj1p77dDGX8m8gyeXODmgy9LaLIG9v0O
LuisMiguelLizan547@whatthefish.info,$2a$10$Mc5rsBz5D7h0fQLmeU3ZDuj1p77dDGX8m8gyeXODmgy9LaLIG9v0O
EricGarcia217@whatthefish.info,$2a$10$Mc5rsBz5D7h0fQLmeU3ZDuj1p77dDGX8m8gyeXODmgy9LaLIG9v0O
SergioJaime924@whatthefish.info,$2a$10$Mc5rsBz5D7h0fQLmeU3ZDuj1p77dDGX8m8gyeXODmgy9LaLIG9v0O
JoseParis767@whatthefish.info,$2a$10$Mc5rsBz5D7h0fQLmeU3ZDuj1p77dDGX8m8gyeXODmgy9LaLIG9v0O
CarmenTene756@whatthefish.info,$2a$10$Mc5rsBz5D7h0fQLmeU3ZDuj1p77dDGX8m8gyeXODmgy9LaLIG9v0O
AitorCalvente751@whatthefish.info,$2a$10$Mc5rsBz5D7h0fQLmeU3ZDuj1p77dDGX8m8gyeXODmgy9LaLIG9v0O
AndresJimenez894@whatthefish.info,$2a$10$Mc5rsBz5D7h0fQLmeU3ZDuj1p77dDGX8m8gyeXODmgy9LaLIG9v0O
FranciscaRuiz676@whatthefish.info,$2a$10$Mc5rsBz5D7h0fQLmeU3ZDuj1p77dDGX8m8gyeXODmgy9LaLIG9v0O
FranciscoJavierSivill956@whatthefish.info,$2a$10$Mc5rsBz5D7h0fQLmeU3ZDuj1p77dDGX8m8gyeXODmgy9LaLIG9v0O
PurificacionFlores785@whatthefish.info,$2a$10$Mc5rsBz5D7h0fQLmeU3ZDuj1p77dDGX8m8gyeXODmgy9LaLIG9v0O
MontserratPrieto734@whatthefish.info,$2a$10$Mc5rsBz5D7h0fQLmeU3ZDuj1p77dDGX8m8gyeXODmgy9LaLIG9v0O
HectorMaya931@whatthefish.info,$2a$10$Mc5rsBz5D7h0fQLmeU3ZDuj1p77dDGX8m8gyeXODmgy9LaLIG9v0O
ConcepcionRiu663@whatthefish.info,$2a$10$Mc5rsBz5D7h0fQLmeU3ZDuj1p77dDGX8m8gyeXODmgy9LaLIG9v0O
RubenSanchez678@whatthefish.info,$2a$10$Mc5rsBz5D7h0fQLmeU3ZDuj1p77dDGX8m8gyeXODmgy9LaLIG9v0O
DiegoPerez992@whatthefish.info,$2a$10$Mc5rsBz5D7h0fQLmeU3ZDuj1p77dDGX8m8gyeXODmgy9LaLIG9v0O
AlfonsoManuelGimenez410@whatthefish.info,$2a$10$Mc5rsBz5D7h0fQLmeU3ZDuj1p77dDGX8m8gyeXODmgy9LaLIG9v0O
MariaMarIzquierdo341@whatthefish.info,$2a$10$Mc5rsBz5D7h0fQLmeU3ZDuj1p77dDGX8m8gyeXODmgy9LaLIG9v0O
AdrianChaparro176@whatthefish.info,$2a$10$Mc5rsBz5D7h0fQLmeU3ZDuj1p77dDGX8m8gyeXODmgy9LaLIG9v0O
AdrianCraia828@whatthefish.info,$2a$10$Mc5rsBz5D7h0fQLmeU3ZDuj1p77dDGX8m8gyeXODmgy9LaLIG9v0O
AntonioYañez667@whatthefish.info,$2a$10$Mc5rsBz5D7h0fQLmeU3ZDuj1p77dDGX8m8gyeXODmgy9LaLIG9v0O
IsaacAlvarez122@whatthefish.info,$2a$10$Mc5rsBz5D7h0fQLmeU3ZDuj1p77dDGX8m8gyeXODmgy9LaLIG9v0O
VasileBah972@whatthefish.info,$2a$10$Mc5rsBz5D7h0fQLmeU3ZDuj1p77dDGX8m8gyeXODmgy9LaLIG9v0O
FranciscoFernandez993@whatthefish.info,$2a$10$Mc5rsBz5D7h0fQLmeU3ZDuj1p77dDGX8m8gyeXODmgy9LaLIG9v0O
MiguelAngelFernandez997@whatthefish.info,$2a$10$Mc5rsBz5D7h0fQLmeU3ZDuj1p77dDGX8m8gyeXODmgy9LaLIG9v0O
AlfonsoFernandez101@whatthefish.info,$2a$10$Mc5rsBz5D7h0fQLmeU3ZDuj1p77dDGX8m8gyeXODmgy9LaLIG9v0O
CarmeJimenez646@whatthefish.info,$2a$10$Mc5rsBz5D7h0fQLmeU3ZDuj1p77dDGX8m8gyeXODmgy9LaLIG9v0O
LuisVargas112@whatthefish.info,$2a$10$Mc5rsBz5D7h0fQLmeU3ZDuj1p77dDGX8m8gyeXODmgy9LaLIG9v0O
MaamarMedina273@whatthefish.info,$2a$10$Mc5rsBz5D7h0fQLmeU3ZDuj1p77dDGX8m8gyeXODmgy9LaLIG9v0O
LidiaGarcia364@whatthefish.info,$2a$10$Mc5rsBz5D7h0fQLmeU3ZDuj1p77dDGX8m8gyeXODmgy9LaLIG9v0O
HectorGonzalez107@whatthefish.info,$2a$10$Mc5rsBz5D7h0fQLmeU3ZDuj1p77dDGX8m8gyeXODmgy9LaLIG9v0O
AmparoPicazo448@whatthefish.info,$2a$10$Mc5rsBz5D7h0fQLmeU3ZDuj1p77dDGX8m8gyeXODmgy9LaLIG9v0O
PilarLabayen886@whatthefish.info,$2a$10$Mc5rsBz5D7h0fQLmeU3ZDuj1p77dDGX8m8gyeXODmgy9LaLIG9v0O
AniaRuiz219@whatthefish.info,$2a$10$Mc5rsBz5D7h0fQLmeU3ZDuj1p77dDGX8m8gyeXODmgy9LaLIG9v0O
RodrigoSuarez351@whatthefish.info,$2a$10$Mc5rsBz5D7h0fQLmeU3ZDuj1p77dDGX8m8gyeXODmgy9LaLIG9v0O
MariaCarmenAlonso422@whatthefish.info,$2a$10$Mc5rsBz5D7h0fQLmeU3ZDuj1p77dDGX8m8gyeXODmgy9LaLIG9v0O
MariaCarmenDeliaHerrera676@whatthefish.info,$2a$10$Mc5rsBz5D7h0fQLmeU3ZDuj1p77dDGX8m8gyeXODmgy9LaLIG9v0O
MariaAlvarez457@whatthefish.info,$2a$10$Mc5rsBz5D7h0fQLmeU3ZDuj1p77dDGX8m8gyeXODmgy9LaLIG9v0O
DanielaJulia175@whatthefish.info,$2a$10$Mc5rsBz5D7h0fQLmeU3ZDuj1p77dDGX8m8gyeXODmgy9LaLIG9v0O
MariaJoseLopez734@whatthefish.info,$2a$10$Mc5rsBz5D7h0fQLmeU3ZDuj1p77dDGX8m8gyeXODmgy9LaLIG9v0O
MariaCarmenArevalo386@whatthefish.info,$2a$10$Mc5rsBz5D7h0fQLmeU3ZDuj1p77dDGX8m8gyeXODmgy9LaLIG9v0O
RafaelGago860@whatthefish.info,$2a$10$Mc5rsBz5D7h0fQLmeU3ZDuj1p77dDGX8m8gyeXODmgy9LaLIG9v0O
FranciscoManuelRodriguez288@whatthefish.info,$2a$10$Mc5rsBz5D7h0fQLmeU3ZDuj1p77dDGX8m8gyeXODmgy9LaLIG9v0O
MarcosCerezo736@whatthefish.info,$2a$10$Mc5rsBz5D7h0fQLmeU3ZDuj1p77dDGX8m8gyeXODmgy9LaLIG9v0O
AlfonsoFrancas799@whatthefish.info,$2a$10$Mc5rsBz5D7h0fQLmeU3ZDuj1p77dDGX8m8gyeXODmgy9LaLIG9v0O
FelixLopez50@whatthefish.info,$2a$10$Mc5rsBz5D7h0fQLmeU3ZDuj1p77dDGX8m8gyeXODmgy9LaLIG9v0O
PedroGasque582@whatthefish.info,$2a$10$Mc5rsBz5D7h0fQLmeU3ZDuj1p77dDGX8m8gyeXODmgy9LaLIG9v0O
DoloresFlores686@whatthefish.info,$2a$10$Mc5rsBz5D7h0fQLmeU3ZDuj1p77dDGX8m8gyeXODmgy9LaLIG9v0O
ManuelJesusFernandez620@whatthefish.info,$2a$10$Mc5rsBz5D7h0fQLmeU3ZDuj1p77dDGX8m8gyeXODmgy9LaLIG9v0O
MariaTeresaMartin88@whatthefish.info,$2a$10$Mc5rsBz5D7h0fQLmeU3ZDuj1p77dDGX8m8gyeXODmgy9LaLIG9v0O
ManuelCasado226@whatthefish.info,$2a$10$Mc5rsBz5D7h0fQLmeU3ZDuj1p77dDGX8m8gyeXODmgy9LaLIG9v0O
ManuelDelValle506@whatthefish.info,$2a$10$Mc5rsBz5D7h0fQLmeU3ZDuj1p77dDGX8m8gyeXODmgy9LaLIG9v0O
GemmaSantiago62@whatthefish.info,$2a$10$Mc5rsBz5D7h0fQLmeU3ZDuj1p77dDGX8m8gyeXODmgy9LaLIG9v0O
AngelaGonzalez639@whatthefish.info,$2a$10$Mc5rsBz5D7h0fQLmeU3ZDuj1p77dDGX8m8gyeXODmgy9LaLIG9v0O
MiguelAngelMayoral251@whatthefish.info,$2a$10$Mc5rsBz5D7h0fQLmeU3ZDuj1p77dDGX8m8gyeXODmgy9LaLIG9v0O
DavidUrios935@whatthefish.info,$2a$10$Mc5rsBz5D7h0fQLmeU3ZDuj1p77dDGX8m8gyeXODmgy9LaLIG9v0O
EnriqueRobles351@whatthefish.info,$2a$10$Mc5rsBz5D7h0fQLmeU3ZDuj1p77dDGX8m8gyeXODmgy9LaLIG9v0O
JoseRamonBarbacil52@whatthefish.info,$2a$10$Mc5rsBz5D7h0fQLmeU3ZDuj1p77dDGX8m8gyeXODmgy9LaLIG9v0O
AngelRoige287@whatthefish.info,$2a$10$Mc5rsBz5D7h0fQLmeU3ZDuj1p77dDGX8m8gyeXODmgy9LaLIG9v0O
JuanManuelRomero128@whatthefish.info,$2a$10$Mc5rsBz5D7h0fQLmeU3ZDuj1p77dDGX8m8gyeXODmgy9LaLIG9v0O
MariaEscudero767@whatthefish.info,$2a$10$Mc5rsBz5D7h0fQLmeU3ZDuj1p77dDGX8m8gyeXODmgy9LaLIG9v0O
IsidoraRabah601@whatthefish.info,$2a$10$Mc5rsBz5D7h0fQLmeU3ZDuj1p77dDGX8m8gyeXODmgy9LaLIG9v0O
MirceaMoreno443@whatthefish.info,$2a$10$Mc5rsBz5D7h0fQLmeU3ZDuj1p77dDGX8m8gyeXODmgy9LaLIG9v0O
AinhoaGrimalt992@whatthefish.info,$2a$10$Mc5rsBz5D7h0fQLmeU3ZDuj1p77dDGX8m8gyeXODmgy9LaLIG9v0O
AngelaGuadaño93@whatthefish.info,$2a$10$Mc5rsBz5D7h0fQLmeU3ZDuj1p77dDGX8m8gyeXODmgy9LaLIG9v0O
FranciscoDiaz65@whatthefish.info,$2a$10$Mc5rsBz5D7h0fQLmeU3ZDuj1p77dDGX8m8gyeXODmgy9LaLIG9v0O
BegoñaRosillo696@whatthefish.info,$2a$10$Mc5rsBz5D7h0fQLmeU3ZDuj1p77dDGX8m8gyeXODmgy9LaLIG9v0O
AlbaDiaz189@whatthefish.info,$2a$10$Mc5rsBz5D7h0fQLmeU3ZDuj1p77dDGX8m8gyeXODmgy9LaLIG9v0O
GaloCalvoParra23@whatthefish.info,$2a$10$Mc5rsBz5D7h0fQLmeU3ZDuj1p77dDGX8m8gyeXODmgy9LaLIG9v0O
JuanJesusNuño735@whatthefish.info,$2a$10$Mc5rsBz5D7h0fQLmeU3ZDuj1p77dDGX8m8gyeXODmgy9LaLIG9v0O
MariaLuzOrnia857@whatthefish.info,$2a$10$Mc5rsBz5D7h0fQLmeU3ZDuj1p77dDGX8m8gyeXODmgy9LaLIG9v0O
AgapitoMuñoz599@whatthefish.info,$2a$10$Mc5rsBz5D7h0fQLmeU3ZDuj1p77dDGX8m8gyeXODmgy9LaLIG9v0O
ManuelHernandez405@whatthefish.info,$2a$10$Mc5rsBz5D7h0fQLmeU3ZDuj1p77dDGX8m8gyeXODmgy9LaLIG9v0O
EstebanPeñalver138@whatthefish.info,$2a$10$Mc5rsBz5D7h0fQLmeU3ZDuj1p77dDGX8m8gyeXODmgy9LaLIG9v0O
EmiliaValera871@whatthefish.info,$2a$10$Mc5rsBz5D7h0fQLmeU3ZDuj1p77dDGX8m8gyeXODmgy9LaLIG9v0O
MiroslavCabello142@whatthefish.info,$2a$10$Mc5rsBz5D7h0fQLmeU3ZDuj1p77dDGX8m8gyeXODmgy9LaLIG9v0O
AlbertoMaya894@whatthefish.info,$2a$10$Mc5rsBz5D7h0fQLmeU3ZDuj1p77dDGX8m8gyeXODmgy9LaLIG9v0O
TomasPulido61@whatthefish.info,$2a$10$Mc5rsBz5D7h0fQLmeU3ZDuj1p77dDGX8m8gyeXODmgy9LaLIG9v0O
IsmaelCaballero476@whatthefish.info,$2a$10$Mc5rsBz5D7h0fQLmeU3ZDuj1p77dDGX8m8gyeXODmgy9LaLIG9v0O
ThiagoMartinez958@whatthefish.info,$2a$10$Mc5rsBz5D7h0fQLmeU3ZDuj1p77dDGX8m8gyeXODmgy9LaLIG9v0O
VasileBatan413@whatthefish.info,$2a$10$Mc5rsBz5D7h0fQLmeU3ZDuj1p77dDGX8m8gyeXODmgy9LaLIG9v0O
JavierPizarro571@whatthefish.info,$2a$10$Mc5rsBz5D7h0fQLmeU3ZDuj1p77dDGX8m8gyeXODmgy9LaLIG9v0O
MariaCaridadPereira148@whatthefish.info,$2a$10$Mc5rsBz5D7h0fQLmeU3ZDuj1p77dDGX8m8gyeXODmgy9LaLIG9v0O
GonzaloFajardo853@whatthefish.info,$2a$10$Mc5rsBz5D7h0fQLmeU3ZDuj1p77dDGX8m8gyeXODmgy9LaLIG9v0O
CarlosChulia845@whatthefish.info,$2a$10$Mc5rsBz5D7h0fQLmeU3ZDuj1p77dDGX8m8gyeXODmgy9LaLIG9v0O
JesusPlacidoOrtuño35@whatthefish.info,$2a$10$Mc5rsBz5D7h0fQLmeU3ZDuj1p77dDGX8m8gyeXODmgy9LaLIG9v0O
LuisRafaelMora90@whatthefish.info,$2a$10$Mc5rsBz5D7h0fQLmeU3ZDuj1p77dDGX8m8gyeXODmgy9LaLIG9v0O
LuciaFargas721@whatthefish.info,$2a$10$Mc5rsBz5D7h0fQLmeU3ZDuj1p77dDGX8m8gyeXODmgy9LaLIG9v0O
MariaCruzGomez99@whatthefish.info,$2a$10$Mc5rsBz5D7h0fQLmeU3ZDuj1p77dDGX8m8gyeXODmgy9LaLIG9v0O
JuanGonzalez880@whatthefish.info,$2a$10$Mc5rsBz5D7h0fQLmeU3ZDuj1p77dDGX8m8gyeXODmgy9LaLIG9v0O
MariaCarmenArbelo591@whatthefish.info,$2a$10$Mc5rsBz5D7h0fQLmeU3ZDuj1p77dDGX8m8gyeXODmgy9LaLIG9v0O
LeireEscofet665@whatthefish.info,$2a$10$Mc5rsBz5D7h0fQLmeU3ZDuj1p77dDGX8m8gyeXODmgy9LaLIG9v0O
JavierAngelGarcia657@whatthefish.info,$2a$10$Mc5rsBz5D7h0fQLmeU3ZDuj1p77dDGX8m8gyeXODmgy9LaLIG9v0O
MercedesDeAustria549@whatthefish.info,$2a$10$Mc5rsBz5D7h0fQLmeU3ZDuj1p77dDGX8m8gyeXODmgy9LaLIG9v0O
MiguelRodriguez720@whatthefish.info,$2a$10$Mc5rsBz5D7h0fQLmeU3ZDuj1p77dDGX8m8gyeXODmgy9LaLIG9v0O
EnriqueAlvarez257@whatthefish.info,$2a$10$Mc5rsBz5D7h0fQLmeU3ZDuj1p77dDGX8m8gyeXODmgy9LaLIG9v0O
EusebioLopez638@whatthefish.info,$2a$10$Mc5rsBz5D7h0fQLmeU3ZDuj1p77dDGX8m8gyeXODmgy9LaLIG9v0O
MariaElbaJorge476@whatthefish.info,$2a$10$Mc5rsBz5D7h0fQLmeU3ZDuj1p77dDGX8m8gyeXODmgy9LaLIG9v0O
JosepMariaMarigil109@whatthefish.info,$2a$10$Mc5rsBz5D7h0fQLmeU3ZDuj1p77dDGX8m8gyeXODmgy9LaLIG9v0O
ConcepcionMoya460@whatthefish.info,$2a$10$Mc5rsBz5D7h0fQLmeU3ZDuj1p77dDGX8m8gyeXODmgy9LaLIG9v0O
VictorManuelTeruel484@whatthefish.info,$2a$10$Mc5rsBz5D7h0fQLmeU3ZDuj1p77dDGX8m8gyeXODmgy9LaLIG9v0O
MariaDoloresRueda851@whatthefish.info,$2a$10$Mc5rsBz5D7h0fQLmeU3ZDuj1p77dDGX8m8gyeXODmgy9LaLIG9v0O
CintiaNieto581@whatthefish.info,$2a$10$Mc5rsBz5D7h0fQLmeU3ZDuj1p77dDGX8m8gyeXODmgy9LaLIG9v0O
SantosSosa830@whatthefish.info,$2a$10$Mc5rsBz5D7h0fQLmeU3ZDuj1p77dDGX8m8gyeXODmgy9LaLIG9v0O
RafaelCalvo647@whatthefish.info,$2a$10$Mc5rsBz5D7h0fQLmeU3ZDuj1p77dDGX8m8gyeXODmgy9LaLIG9v0O
EmanuelColl555@whatthefish.info,$2a$10$Mc5rsBz5D7h0fQLmeU3ZDuj1p77dDGX8m8gyeXODmgy9LaLIG9v0O
MariaLopez809@whatthefish.info,$2a$10$Mc5rsBz5D7h0fQLmeU3ZDuj1p77dDGX8m8gyeXODmgy9LaLIG9v0O
XavierPiris517@whatthefish.info,$2a$10$Mc5rsBz5D7h0fQLmeU3ZDuj1p77dDGX8m8gyeXODmgy9LaLIG9v0O
JesusAyuso942@whatthefish.info,$2a$10$Mc5rsBz5D7h0fQLmeU3ZDuj1p77dDGX8m8gyeXODmgy9LaLIG9v0O
IvanQuintanar527@whatthefish.info,$2a$10$Mc5rsBz5D7h0fQLmeU3ZDuj1p77dDGX8m8gyeXODmgy9LaLIG9v0O
AntonioMarin791@whatthefish.info,$2a$10$Mc5rsBz5D7h0fQLmeU3ZDuj1p77dDGX8m8gyeXODmgy9LaLIG9v0O
RubenParedes682@whatthefish.info,$2a$10$Mc5rsBz5D7h0fQLmeU3ZDuj1p77dDGX8m8gyeXODmgy9LaLIG9v0O
PabloGonzalez450@whatthefish.info,$2a$10$Mc5rsBz5D7h0fQLmeU3ZDuj1p77dDGX8m8gyeXODmgy9LaLIG9v0O
MariaJosefaMendez764@whatthefish.info,$2a$10$Mc5rsBz5D7h0fQLmeU3ZDuj1p77dDGX8m8gyeXODmgy9LaLIG9v0O
EstefaniaCunillera784@whatthefish.info,$2a$10$Mc5rsBz5D7h0fQLmeU3ZDuj1p77dDGX8m8gyeXODmgy9LaLIG9v0O
MariaAlbinaPeñalver434@whatthefish.info,$2a$10$Mc5rsBz5D7h0fQLmeU3ZDuj1p77dDGX8m8gyeXODmgy9LaLIG9v0O
LeonardoPerezAranda384@whatthefish.info,$2a$10$Mc5rsBz5D7h0fQLmeU3ZDuj1p77dDGX8m8gyeXODmgy9LaLIG9v0O
RafaelFuentes535@whatthefish.info,$2a$10$Mc5rsBz5D7h0fQLmeU3ZDuj1p77dDGX8m8gyeXODmgy9LaLIG9v0O
GabinoCamba986@whatthefish.info,$2a$10$Mc5rsBz5D7h0fQLmeU3ZDuj1p77dDGX8m8gyeXODmgy9LaLIG9v0O
XiaoleiSampedro291@whatthefish.info,$2a$10$Mc5rsBz5D7h0fQLmeU3ZDuj1p77dDGX8m8gyeXODmgy9LaLIG9v0O
AleixRobles344@whatthefish.info,$2a$10$Mc5rsBz5D7h0fQLmeU3ZDuj1p77dDGX8m8gyeXODmgy9LaLIG9v0O
GabrielJimenez257@whatthefish.info,$2a$10$Mc5rsBz5D7h0fQLmeU3ZDuj1p77dDGX8m8gyeXODmgy9LaLIG9v0O
MariaRosaGuanche864@whatthefish.info,$2a$10$Mc5rsBz5D7h0fQLmeU3ZDuj1p77dDGX8m8gyeXODmgy9LaLIG9v0O
AlvaroMaya141@whatthefish.info,$2a$10$Mc5rsBz5D7h0fQLmeU3ZDuj1p77dDGX8m8gyeXODmgy9LaLIG9v0O
ReneRamos367@whatthefish.info,$2a$10$Mc5rsBz5D7h0fQLmeU3ZDuj1p77dDGX8m8gyeXODmgy9LaLIG9v0O
HamzaRivero739@whatthefish.info,$2a$10$Mc5rsBz5D7h0fQLmeU3ZDuj1p77dDGX8m8gyeXODmgy9LaLIG9v0O
JoseLuisRibas933@whatthefish.info,$2a$10$Mc5rsBz5D7h0fQLmeU3ZDuj1p77dDGX8m8gyeXODmgy9LaLIG9v0O
ChristelMariaPelegrin708@whatthefish.info,$2a$10$Mc5rsBz5D7h0fQLmeU3ZDuj1p77dDGX8m8gyeXODmgy9LaLIG9v0O
SergioBerzosa353@whatthefish.info,$2a$10$Mc5rsBz5D7h0fQLmeU3ZDuj1p77dDGX8m8gyeXODmgy9LaLIG9v0O
BrianCorrea66@whatthefish.info,$2a$10$Mc5rsBz5D7h0fQLmeU3ZDuj1p77dDGX8m8gyeXODmgy9LaLIG9v0O
BienvenidoTrueba434@whatthefish.info,$2a$10$Mc5rsBz5D7h0fQLmeU3ZDuj1p77dDGX8m8gyeXODmgy9LaLIG9v0O
JordiVargas121@whatthefish.info,$2a$10$Mc5rsBz5D7h0fQLmeU3ZDuj1p77dDGX8m8gyeXODmgy9LaLIG9v0O
AlejandroPulido279@whatthefish.info,$2a$10$Mc5rsBz5D7h0fQLmeU3ZDuj1p77dDGX8m8gyeXODmgy9LaLIG9v0O
JeronimoLopez471@whatthefish.info,$2a$10$Mc5rsBz5D7h0fQLmeU3ZDuj1p77dDGX8m8gyeXODmgy9LaLIG9v0O
MariaRosarioNavarro573@whatthefish.info,$2a$10$Mc5rsBz5D7h0fQLmeU3ZDuj1p77dDGX8m8gyeXODmgy9LaLIG9v0O
AlvaroDiez153@whatthefish.info,$2a$10$Mc5rsBz5D7h0fQLmeU3ZDuj1p77dDGX8m8gyeXODmgy9LaLIG9v0O
ManuelHernandez359@whatthefish.info,$2a$10$Mc5rsBz5D7h0fQLmeU3ZDuj1p77dDGX8m8gyeXODmgy9LaLIG9v0O
PaulinoSidiMohamed875@whatthefish.info,$2a$10$Mc5rsBz5D7h0fQLmeU3ZDuj1p77dDGX8m8gyeXODmgy9LaLIG9v0O
InesFernandez909@whatthefish.info,$2a$10$Mc5rsBz5D7h0fQLmeU3ZDuj1p77dDGX8m8gyeXODmgy9LaLIG9v0O
SergioFernandez869@whatthefish.info,$2a$10$Mc5rsBz5D7h0fQLmeU3ZDuj1p77dDGX8m8gyeXODmgy9LaLIG9v0O
JuanJoseFerron901@whatthefish.info,$2a$10$Mc5rsBz5D7h0fQLmeU3ZDuj1p77dDGX8m8gyeXODmgy9LaLIG9v0O
ClaudiaAlcaraz676@whatthefish.info,$2a$10$Mc5rsBz5D7h0fQLmeU3ZDuj1p77dDGX8m8gyeXODmgy9LaLIG9v0O
AsierRodado403@whatthefish.info,$2a$10$Mc5rsBz5D7h0fQLmeU3ZDuj1p77dDGX8m8gyeXODmgy9LaLIG9v0O
AnaMariaMejia929@whatthefish.info,$2a$10$Mc5rsBz5D7h0fQLmeU3ZDuj1p77dDGX8m8gyeXODmgy9LaLIG9v0O
FranciscoJavierSanz592@whatthefish.info,$2a$10$Mc5rsBz5D7h0fQLmeU3ZDuj1p77dDGX8m8gyeXODmgy9LaLIG9v0O
AmaliaPaez199@whatthefish.info,$2a$10$Mc5rsBz5D7h0fQLmeU3ZDuj1p77dDGX8m8gyeXODmgy9LaLIG9v0O
JordiGranados478@whatthefish.info,$2a$10$Mc5rsBz5D7h0fQLmeU3ZDuj1p77dDGX8m8gyeXODmgy9LaLIG9v0O
CarlosGonzalez311@whatthefish.info,$2a$10$Mc5rsBz5D7h0fQLmeU3ZDuj1p77dDGX8m8gyeXODmgy9LaLIG9v0O
AaronRodriguez385@whatthefish.info,$2a$10$Mc5rsBz5D7h0fQLmeU3ZDuj1p77dDGX8m8gyeXODmgy9LaLIG9v0O
ManuelaDocampo75@whatthefish.info,$2a$10$Mc5rsBz5D7h0fQLmeU3ZDuj1p77dDGX8m8gyeXODmgy9LaLIG9v0O
JuanManuelCatala363@whatthefish.info,$2a$10$Mc5rsBz5D7h0fQLmeU3ZDuj1p77dDGX8m8gyeXODmgy9LaLIG9v0O
JoseManuelGraña663@whatthefish.info,$2a$10$Mc5rsBz5D7h0fQLmeU3ZDuj1p77dDGX8m8gyeXODmgy9LaLIG9v0O
AngelDeRus393@whatthefish.info,$2a$10$Mc5rsBz5D7h0fQLmeU3ZDuj1p77dDGX8m8gyeXODmgy9LaLIG9v0O
CarlosMartinez258@whatthefish.info,$2a$10$Mc5rsBz5D7h0fQLmeU3ZDuj1p77dDGX8m8gyeXODmgy9LaLIG9v0O
JuanGuerrero586@whatthefish.info,$2a$10$Mc5rsBz5D7h0fQLmeU3ZDuj1p77dDGX8m8gyeXODmgy9LaLIG9v0O
DanielKostadinova835@whatthefish.info,$2a$10$Mc5rsBz5D7h0fQLmeU3ZDuj1p77dDGX8m8gyeXODmgy9LaLIG9v0O
JoseMiguelGonzalez348@whatthefish.info,$2a$10$Mc5rsBz5D7h0fQLmeU3ZDuj1p77dDGX8m8gyeXODmgy9LaLIG9v0O
JuanCarlosUmbert653@whatthefish.info,$2a$10$Mc5rsBz5D7h0fQLmeU3ZDuj1p77dDGX8m8gyeXODmgy9LaLIG9v0O
MariaCarmenSierra589@whatthefish.info,$2a$10$Mc5rsBz5D7h0fQLmeU3ZDuj1p77dDGX8m8gyeXODmgy9LaLIG9v0O
JesusRomea127@whatthefish.info,$2a$10$Mc5rsBz5D7h0fQLmeU3ZDuj1p77dDGX8m8gyeXODmgy9LaLIG9v0O
AngelPalma678@whatthefish.info,$2a$10$Mc5rsBz5D7h0fQLmeU3ZDuj1p77dDGX8m8gyeXODmgy9LaLIG9v0O
MarianoOrtiz758@whatthefish.info,$2a$10$Mc5rsBz5D7h0fQLmeU3ZDuj1p77dDGX8m8gyeXODmgy9LaLIG9v0O
LucasRamos545@whatthefish.info,$2a$10$Mc5rsBz5D7h0fQLmeU3ZDuj1p77dDGX8m8gyeXODmgy9LaLIG9v0O
MariaJoseNoriega735@whatthefish.info,$2a$10$Mc5rsBz5D7h0fQLmeU3ZDuj1p77dDGX8m8gyeXODmgy9LaLIG9v0O
YunesVidal93@whatthefish.info,$2a$10$Mc5rsBz5D7h0fQLmeU3ZDuj1p77dDGX8m8gyeXODmgy9LaLIG9v0O
GabrielCarballa237@whatthefish.info,$2a$10$Mc5rsBz5D7h0fQLmeU3ZDuj1p77dDGX8m8gyeXODmgy9LaLIG9v0O
AdrianAlvarez789@whatthefish.info,$2a$10$Mc5rsBz5D7h0fQLmeU3ZDuj1p77dDGX8m8gyeXODmgy9LaLIG9v0O
ArumeMoragon899@whatthefish.info,$2a$10$Mc5rsBz5D7h0fQLmeU3ZDuj1p77dDGX8m8gyeXODmgy9LaLIG9v0O
ManuelDrago382@whatthefish.info,$2a$10$Mc5rsBz5D7h0fQLmeU3ZDuj1p77dDGX8m8gyeXODmgy9LaLIG9v0O
JesusLuisGil32@whatthefish.info,$2a$10$Mc5rsBz5D7h0fQLmeU3ZDuj1p77dDGX8m8gyeXODmgy9LaLIG9v0O
SandraRomero825@whatthefish.info,$2a$10$Mc5rsBz5D7h0fQLmeU3ZDuj1p77dDGX8m8gyeXODmgy9LaLIG9v0O
FranciscoJavierLopez935@whatthefish.info,$2a$10$Mc5rsBz5D7h0fQLmeU3ZDuj1p77dDGX8m8gyeXODmgy9LaLIG9v0O
RafaelGuillen126@whatthefish.info,$2a$10$Mc5rsBz5D7h0fQLmeU3ZDuj1p77dDGX8m8gyeXODmgy9LaLIG9v0O
AsierPerez553@whatthefish.info,$2a$10$Mc5rsBz5D7h0fQLmeU3ZDuj1p77dDGX8m8gyeXODmgy9LaLIG9v0O
JoseAntonioGarcia81@whatthefish.info,$2a$10$Mc5rsBz5D7h0fQLmeU3ZDuj1p77dDGX8m8gyeXODmgy9LaLIG9v0O
JulioCesarCabezas592@whatthefish.info,$2a$10$Mc5rsBz5D7h0fQLmeU3ZDuj1p77dDGX8m8gyeXODmgy9LaLIG9v0O
JoseManuelAgullo419@whatthefish.info,$2a$10$Mc5rsBz5D7h0fQLmeU3ZDuj1p77dDGX8m8gyeXODmgy9LaLIG9v0O
JoseLuisLobato159@whatthefish.info,$2a$10$Mc5rsBz5D7h0fQLmeU3ZDuj1p77dDGX8m8gyeXODmgy9LaLIG9v0O
JuliaOrtega577@whatthefish.info,$2a$10$Mc5rsBz5D7h0fQLmeU3ZDuj1p77dDGX8m8gyeXODmgy9LaLIG9v0O
FernandoDeLaConcepcion861@whatthefish.info,$2a$10$Mc5rsBz5D7h0fQLmeU3ZDuj1p77dDGX8m8gyeXODmgy9LaLIG9v0O
DavidAlvarez827@whatthefish.info,$2a$10$Mc5rsBz5D7h0fQLmeU3ZDuj1p77dDGX8m8gyeXODmgy9LaLIG9v0O
MartaMatarin786@whatthefish.info,$2a$10$Mc5rsBz5D7h0fQLmeU3ZDuj1p77dDGX8m8gyeXODmgy9LaLIG9v0O
FernandoCaro971@whatthefish.info,$2a$10$Mc5rsBz5D7h0fQLmeU3ZDuj1p77dDGX8m8gyeXODmgy9LaLIG9v0O
JoseManuelFerre12@whatthefish.info,$2a$10$Mc5rsBz5D7h0fQLmeU3ZDuj1p77dDGX8m8gyeXODmgy9LaLIG9v0O
MariaDoloresPorron730@whatthefish.info,$2a$10$Mc5rsBz5D7h0fQLmeU3ZDuj1p77dDGX8m8gyeXODmgy9LaLIG9v0O
JoseLuisSoler259@whatthefish.info,$2a$10$Mc5rsBz5D7h0fQLmeU3ZDuj1p77dDGX8m8gyeXODmgy9LaLIG9v0O
RafaelCabezas758@whatthefish.info,$2a$10$Mc5rsBz5D7h0fQLmeU3ZDuj1p77dDGX8m8gyeXODmgy9LaLIG9v0O
JesusMariaMartin839@whatthefish.info,$2a$10$Mc5rsBz5D7h0fQLmeU3ZDuj1p77dDGX8m8gyeXODmgy9LaLIG9v0O
MariaElenaHernandez395@whatthefish.info,$2a$10$Mc5rsBz5D7h0fQLmeU3ZDuj1p77dDGX8m8gyeXODmgy9LaLIG9v0O
RafaelPose508@whatthefish.info,$2a$10$Mc5rsBz5D7h0fQLmeU3ZDuj1p77dDGX8m8gyeXODmgy9LaLIG9v0O
FrancescPovedano883@whatthefish.info,$2a$10$Mc5rsBz5D7h0fQLmeU3ZDuj1p77dDGX8m8gyeXODmgy9LaLIG9v0O
MariaCalado518@whatthefish.info,$2a$10$Mc5rsBz5D7h0fQLmeU3ZDuj1p77dDGX8m8gyeXODmgy9LaLIG9v0O
TaniaRodriguez373@whatthefish.info,$2a$10$Mc5rsBz5D7h0fQLmeU3ZDuj1p77dDGX8m8gyeXODmgy9LaLIG9v0O
SerafinVelez833@whatthefish.info,$2a$10$Mc5rsBz5D7h0fQLmeU3ZDuj1p77dDGX8m8gyeXODmgy9LaLIG9v0O
HaddaMartin918@whatthefish.info,$2a$10$Mc5rsBz5D7h0fQLmeU3ZDuj1p77dDGX8m8gyeXODmgy9LaLIG9v0O
DavidGuillermoVidal317@whatthefish.info,$2a$10$Mc5rsBz5D7h0fQLmeU3ZDuj1p77dDGX8m8gyeXODmgy9LaLIG9v0O
FernandoReyes67@whatthefish.info,$2a$10$Mc5rsBz5D7h0fQLmeU3ZDuj1p77dDGX8m8gyeXODmgy9LaLIG9v0O
IreneOlivares108@whatthefish.info,$2a$10$Mc5rsBz5D7h0fQLmeU3ZDuj1p77dDGX8m8gyeXODmgy9LaLIG9v0O
NereaEnjuanes427@whatthefish.info,$2a$10$Mc5rsBz5D7h0fQLmeU3ZDuj1p77dDGX8m8gyeXODmgy9LaLIG9v0O
CarmenCebrian568@whatthefish.info,$2a$10$Mc5rsBz5D7h0fQLmeU3ZDuj1p77dDGX8m8gyeXODmgy9LaLIG9v0O
JoseIgnacioOrtiz417@whatthefish.info,$2a$10$Mc5rsBz5D7h0fQLmeU3ZDuj1p77dDGX8m8gyeXODmgy9LaLIG9v0O
AbderraoufArraez384@whatthefish.info,$2a$10$Mc5rsBz5D7h0fQLmeU3ZDuj1p77dDGX8m8gyeXODmgy9LaLIG9v0O
MiguelCarlosHeras130@whatthefish.info,$2a$10$Mc5rsBz5D7h0fQLmeU3ZDuj1p77dDGX8m8gyeXODmgy9LaLIG9v0O
AndresGobernado966@whatthefish.info,$2a$10$Mc5rsBz5D7h0fQLmeU3ZDuj1p77dDGX8m8gyeXODmgy9LaLIG9v0O
IkerRamon412@whatthefish.info,$2a$10$Mc5rsBz5D7h0fQLmeU3ZDuj1p77dDGX8m8gyeXODmgy9LaLIG9v0O
TaniaAlbiach833@whatthefish.info,$2a$10$Mc5rsBz5D7h0fQLmeU3ZDuj1p77dDGX8m8gyeXODmgy9LaLIG9v0O
DomingoGomez523@whatthefish.info,$2a$10$Mc5rsBz5D7h0fQLmeU3ZDuj1p77dDGX8m8gyeXODmgy9LaLIG9v0O
CandelaQuiles400@whatthefish.info,$2a$10$Mc5rsBz5D7h0fQLmeU3ZDuj1p77dDGX8m8gyeXODmgy9LaLIG9v0O
IsmaelNuñez30@whatthefish.info,$2a$10$Mc5rsBz5D7h0fQLmeU3ZDuj1p77dDGX8m8gyeXODmgy9LaLIG9v0O
SalvadorGuerreiro80@whatthefish.info,$2a$10$Mc5rsBz5D7h0fQLmeU3ZDuj1p77dDGX8m8gyeXODmgy9LaLIG9v0O
MiguelGomez26@whatthefish.info,$2a$10$Mc5rsBz5D7h0fQLmeU3ZDuj1p77dDGX8m8gyeXODmgy9LaLIG9v0O
MariaIsabelRosas452@whatthefish.info,$2a$10$Mc5rsBz5D7h0fQLmeU3ZDuj1p77dDGX8m8gyeXODmgy9LaLIG9v0O
AngelChao92@whatthefish.info,$2a$10$Mc5rsBz5D7h0fQLmeU3ZDuj1p77dDGX8m8gyeXODmgy9LaLIG9v0O
IvanAyala91@whatthefish.info,$2a$10$Mc5rsBz5D7h0fQLmeU3ZDuj1p77dDGX8m8gyeXODmgy9LaLIG9v0O
GregorioDelPozo834@whatthefish.info,$2a$10$Mc5rsBz5D7h0fQLmeU3ZDuj1p77dDGX8m8gyeXODmgy9LaLIG9v0O
PabloAlcantara490@whatthefish.info,$2a$10$Mc5rsBz5D7h0fQLmeU3ZDuj1p77dDGX8m8gyeXODmgy9LaLIG9v0O
AnitaFalguera139@whatthefish.info,$2a$10$Mc5rsBz5D7h0fQLmeU3ZDuj1p77dDGX8m8gyeXODmgy9LaLIG9v0O
PabloGarcia643@whatthefish.info,$2a$10$Mc5rsBz5D7h0fQLmeU3ZDuj1p77dDGX8m8gyeXODmgy9LaLIG9v0O
OtiliaMorate545@whatthefish.info,$2a$10$Mc5rsBz5D7h0fQLmeU3ZDuj1p77dDGX8m8gyeXODmgy9LaLIG9v0O
JoseFraile130@whatthefish.info,$2a$10$Mc5rsBz5D7h0fQLmeU3ZDuj1p77dDGX8m8gyeXODmgy9LaLIG9v0O
ErikFernandoAnton492@whatthefish.info,$2a$10$Mc5rsBz5D7h0fQLmeU3ZDuj1p77dDGX8m8gyeXODmgy9LaLIG9v0O
NoeliaGarciaAlcala438@whatthefish.info,$2a$10$Mc5rsBz5D7h0fQLmeU3ZDuj1p77dDGX8m8gyeXODmgy9LaLIG9v0O
JoseLuisGarcia932@whatthefish.info,$2a$10$Mc5rsBz5D7h0fQLmeU3ZDuj1p77dDGX8m8gyeXODmgy9LaLIG9v0O
AlfredoRodriguez463@whatthefish.info,$2a$10$Mc5rsBz5D7h0fQLmeU3ZDuj1p77dDGX8m8gyeXODmgy9LaLIG9v0O
JoseVicenteCaballero538@whatthefish.info,$2a$10$Mc5rsBz5D7h0fQLmeU3ZDuj1p77dDGX8m8gyeXODmgy9LaLIG9v0O
AserQuiñones697@whatthefish.info,$2a$10$Mc5rsBz5D7h0fQLmeU3ZDuj1p77dDGX8m8gyeXODmgy9LaLIG9v0O
EllaCruz306@whatthefish.info,$2a$10$Mc5rsBz5D7h0fQLmeU3ZDuj1p77dDGX8m8gyeXODmgy9LaLIG9v0O
EduardoFernandez939@whatthefish.info,$2a$10$Mc5rsBz5D7h0fQLmeU3ZDuj1p77dDGX8m8gyeXODmgy9LaLIG9v0O
AntonioMendoza899@whatthefish.info,$2a$10$Mc5rsBz5D7h0fQLmeU3ZDuj1p77dDGX8m8gyeXODmgy9LaLIG9v0O
MariaTeresaLopez525@whatthefish.info,$2a$10$Mc5rsBz5D7h0fQLmeU3ZDuj1p77dDGX8m8gyeXODmgy9LaLIG9v0O
LuciaLopez792@whatthefish.info,$2a$10$Mc5rsBz5D7h0fQLmeU3ZDuj1p77dDGX8m8gyeXODmgy9LaLIG9v0O
FernandoLarraza339@whatthefish.info,$2a$10$Mc5rsBz5D7h0fQLmeU3ZDuj1p77dDGX8m8gyeXODmgy9LaLIG9v0O
MiguelAngelMorales597@whatthefish.info,$2a$10$Mc5rsBz5D7h0fQLmeU3ZDuj1p77dDGX8m8gyeXODmgy9LaLIG9v0O
FranciscoReyes740@whatthefish.info,$2a$10$Mc5rsBz5D7h0fQLmeU3ZDuj1p77dDGX8m8gyeXODmgy9LaLIG9v0O
LourdesAlavedra111@whatthefish.info,$2a$10$Mc5rsBz5D7h0fQLmeU3ZDuj1p77dDGX8m8gyeXODmgy9LaLIG9v0O
SamuelOjea844@whatthefish.info,$2a$10$Mc5rsBz5D7h0fQLmeU3ZDuj1p77dDGX8m8gyeXODmgy9LaLIG9v0O
CustodioBustamante692@whatthefish.info,$2a$10$Mc5rsBz5D7h0fQLmeU3ZDuj1p77dDGX8m8gyeXODmgy9LaLIG9v0O
JoaquinEstanga165@whatthefish.info,$2a$10$Mc5rsBz5D7h0fQLmeU3ZDuj1p77dDGX8m8gyeXODmgy9LaLIG9v0O
JoseAntonioGonzalez810@whatthefish.info,$2a$10$Mc5rsBz5D7h0fQLmeU3ZDuj1p77dDGX8m8gyeXODmgy9LaLIG9v0O
PedroCastaño52@whatthefish.info,$2a$10$Mc5rsBz5D7h0fQLmeU3ZDuj1p77dDGX8m8gyeXODmgy9LaLIG9v0O
ManuelGarcia72@whatthefish.info,$2a$10$Mc5rsBz5D7h0fQLmeU3ZDuj1p77dDGX8m8gyeXODmgy9LaLIG9v0O
JulianFernandez946@whatthefish.info,$2a$10$Mc5rsBz5D7h0fQLmeU3ZDuj1p77dDGX8m8gyeXODmgy9LaLIG9v0O
SamuelVaduva170@whatthefish.info,$2a$10$Mc5rsBz5D7h0fQLmeU3ZDuj1p77dDGX8m8gyeXODmgy9LaLIG9v0O
VicenteAndresGonzalez722@whatthefish.info,$2a$10$Mc5rsBz5D7h0fQLmeU3ZDuj1p77dDGX8m8gyeXODmgy9LaLIG9v0O
DionisioParrilla933@whatthefish.info,$2a$10$Mc5rsBz5D7h0fQLmeU3ZDuj1p77dDGX8m8gyeXODmgy9LaLIG9v0O
MariaCarmenLopez647@whatthefish.info,$2a$10$Mc5rsBz5D7h0fQLmeU3ZDuj1p77dDGX8m8gyeXODmgy9LaLIG9v0O
VicenteLeston302@whatthefish.info,$2a$10$Mc5rsBz5D7h0fQLmeU3ZDuj1p77dDGX8m8gyeXODmgy9LaLIG9v0O
UllaFigueroa940@whatthefish.info,$2a$10$Mc5rsBz5D7h0fQLmeU3ZDuj1p77dDGX8m8gyeXODmgy9LaLIG9v0O
MarioVillarroya298@whatthefish.info,$2a$10$Mc5rsBz5D7h0fQLmeU3ZDuj1p77dDGX8m8gyeXODmgy9LaLIG9v0O
NoeliaVazquez572@whatthefish.info,$2a$10$Mc5rsBz5D7h0fQLmeU3ZDuj1p77dDGX8m8gyeXODmgy9LaLIG9v0O
AdaSamaniego495@whatthefish.info,$2a$10$Mc5rsBz5D7h0fQLmeU3ZDuj1p77dDGX8m8gyeXODmgy9LaLIG9v0O
RobertoMarceloRodriguez873@whatthefish.info,$2a$10$Mc5rsBz5D7h0fQLmeU3ZDuj1p77dDGX8m8gyeXODmgy9LaLIG9v0O
BernardaChaves650@whatthefish.info,$2a$10$Mc5rsBz5D7h0fQLmeU3ZDuj1p77dDGX8m8gyeXODmgy9LaLIG9v0O
ManuelRodriguez339@whatthefish.info,$2a$10$Mc5rsBz5D7h0fQLmeU3ZDuj1p77dDGX8m8gyeXODmgy9LaLIG9v0O
FabricianoFraile486@whatthefish.info,$2a$10$Mc5rsBz5D7h0fQLmeU3ZDuj1p77dDGX8m8gyeXODmgy9LaLIG9v0O
VicenteSarr289@whatthefish.info,$2a$10$Mc5rsBz5D7h0fQLmeU3ZDuj1p77dDGX8m8gyeXODmgy9LaLIG9v0O
EduardoEscoda805@whatthefish.info,$2a$10$Mc5rsBz5D7h0fQLmeU3ZDuj1p77dDGX8m8gyeXODmgy9LaLIG9v0O
JuanManuelPascal751@whatthefish.info,$2a$10$Mc5rsBz5D7h0fQLmeU3ZDuj1p77dDGX8m8gyeXODmgy9LaLIG9v0O
RocioCamara929@whatthefish.info,$2a$10$Mc5rsBz5D7h0fQLmeU3ZDuj1p77dDGX8m8gyeXODmgy9LaLIG9v0O
DanielJimenez593@whatthefish.info,$2a$10$Mc5rsBz5D7h0fQLmeU3ZDuj1p77dDGX8m8gyeXODmgy9LaLIG9v0O
AmparoGonzalez358@whatthefish.info,$2a$10$Mc5rsBz5D7h0fQLmeU3ZDuj1p77dDGX8m8gyeXODmgy9LaLIG9v0O
JoseGamez911@whatthefish.info,$2a$10$Mc5rsBz5D7h0fQLmeU3ZDuj1p77dDGX8m8gyeXODmgy9LaLIG9v0O
SerafinCuñado31@whatthefish.info,$2a$10$Mc5rsBz5D7h0fQLmeU3ZDuj1p77dDGX8m8gyeXODmgy9LaLIG9v0O
EleuterioLopez604@whatthefish.info,$2a$10$Mc5rsBz5D7h0fQLmeU3ZDuj1p77dDGX8m8gyeXODmgy9LaLIG9v0O
PatriciaGallardo790@whatthefish.info,$2a$10$Mc5rsBz5D7h0fQLmeU3ZDuj1p77dDGX8m8gyeXODmgy9LaLIG9v0O
JoanLopez689@whatthefish.info,$2a$10$Mc5rsBz5D7h0fQLmeU3ZDuj1p77dDGX8m8gyeXODmgy9LaLIG9v0O
RosaMartin932@whatthefish.info,$2a$10$Mc5rsBz5D7h0fQLmeU3ZDuj1p77dDGX8m8gyeXODmgy9LaLIG9v0O
JesusVivar621@whatthefish.info,$2a$10$Mc5rsBz5D7h0fQLmeU3ZDuj1p77dDGX8m8gyeXODmgy9LaLIG9v0O
PilarTorres414@whatthefish.info,$2a$10$Mc5rsBz5D7h0fQLmeU3ZDuj1p77dDGX8m8gyeXODmgy9LaLIG9v0O
JoseLuisLatorre809@whatthefish.info,$2a$10$Mc5rsBz5D7h0fQLmeU3ZDuj1p77dDGX8m8gyeXODmgy9LaLIG9v0O
MariaRosarioPeña800@whatthefish.info,$2a$10$Mc5rsBz5D7h0fQLmeU3ZDuj1p77dDGX8m8gyeXODmgy9LaLIG9v0O
JoaquinVillegas612@whatthefish.info,$2a$10$Mc5rsBz5D7h0fQLmeU3ZDuj1p77dDGX8m8gyeXODmgy9LaLIG9v0O
JuanCarlosCalero370@whatthefish.info,$2a$10$Mc5rsBz5D7h0fQLmeU3ZDuj1p77dDGX8m8gyeXODmgy9LaLIG9v0O
MariaAngelesAlcala749@whatthefish.info,$2a$10$Mc5rsBz5D7h0fQLmeU3ZDuj1p77dDGX8m8gyeXODmgy9LaLIG9v0O
MiguelBaila893@whatthefish.info,$2a$10$Mc5rsBz5D7h0fQLmeU3ZDuj1p77dDGX8m8gyeXODmgy9LaLIG9v0O
JesusSanFrancisco317@whatthefish.info,$2a$10$Mc5rsBz5D7h0fQLmeU3ZDuj1p77dDGX8m8gyeXODmgy9LaLIG9v0O
PedroNavarro341@whatthefish.info,$2a$10$Mc5rsBz5D7h0fQLmeU3ZDuj1p77dDGX8m8gyeXODmgy9LaLIG9v0O
MariaGuadalupeAcosta782@whatthefish.info,$2a$10$Mc5rsBz5D7h0fQLmeU3ZDuj1p77dDGX8m8gyeXODmgy9LaLIG9v0O
CristianCamarena912@whatthefish.info,$2a$10$Mc5rsBz5D7h0fQLmeU3ZDuj1p77dDGX8m8gyeXODmgy9LaLIG9v0O
AntonioNodal994@whatthefish.info,$2a$10$Mc5rsBz5D7h0fQLmeU3ZDuj1p77dDGX8m8gyeXODmgy9LaLIG9v0O
JoseMartinez368@whatthefish.info,$2a$10$Mc5rsBz5D7h0fQLmeU3ZDuj1p77dDGX8m8gyeXODmgy9LaLIG9v0O
EnriqueManuelPoza714@whatthefish.info,$2a$10$Mc5rsBz5D7h0fQLmeU3ZDuj1p77dDGX8m8gyeXODmgy9LaLIG9v0O
AlbertoGarciaPozuelo177@whatthefish.info,$2a$10$Mc5rsBz5D7h0fQLmeU3ZDuj1p77dDGX8m8gyeXODmgy9LaLIG9v0O
MarcJiang913@whatthefish.info,$2a$10$Mc5rsBz5D7h0fQLmeU3ZDuj1p77dDGX8m8gyeXODmgy9LaLIG9v0O
YaelLizancos355@whatthefish.info,$2a$10$Mc5rsBz5D7h0fQLmeU3ZDuj1p77dDGX8m8gyeXODmgy9LaLIG9v0O
ManuelPocovi227@whatthefish.info,$2a$10$Mc5rsBz5D7h0fQLmeU3ZDuj1p77dDGX8m8gyeXODmgy9LaLIG9v0O
RedouanUbeda288@whatthefish.info,$2a$10$Mc5rsBz5D7h0fQLmeU3ZDuj1p77dDGX8m8gyeXODmgy9LaLIG9v0O
JoseFrontela848@whatthefish.info,$2a$10$Mc5rsBz5D7h0fQLmeU3ZDuj1p77dDGX8m8gyeXODmgy9LaLIG9v0O
AlfredoRen548@whatthefish.info,$2a$10$Mc5rsBz5D7h0fQLmeU3ZDuj1p77dDGX8m8gyeXODmgy9LaLIG9v0O
MariaCarmenTavares149@whatthefish.info,$2a$10$Mc5rsBz5D7h0fQLmeU3ZDuj1p77dDGX8m8gyeXODmgy9LaLIG9v0O
MariaMarEscalona55@whatthefish.info,$2a$10$Mc5rsBz5D7h0fQLmeU3ZDuj1p77dDGX8m8gyeXODmgy9LaLIG9v0O
MarParras973@whatthefish.info,$2a$10$Mc5rsBz5D7h0fQLmeU3ZDuj1p77dDGX8m8gyeXODmgy9LaLIG9v0O
LuciaMartinez495@whatthefish.info,$2a$10$Mc5rsBz5D7h0fQLmeU3ZDuj1p77dDGX8m8gyeXODmgy9LaLIG9v0O
JordiFort318@whatthefish.info,$2a$10$Mc5rsBz5D7h0fQLmeU3ZDuj1p77dDGX8m8gyeXODmgy9LaLIG9v0O
EduardCaparros746@whatthefish.info,$2a$10$Mc5rsBz5D7h0fQLmeU3ZDuj1p77dDGX8m8gyeXODmgy9LaLIG9v0O
DavidValdes911@whatthefish.info,$2a$10$Mc5rsBz5D7h0fQLmeU3ZDuj1p77dDGX8m8gyeXODmgy9LaLIG9v0O
DionisioVerde767@whatthefish.info,$2a$10$Mc5rsBz5D7h0fQLmeU3ZDuj1p77dDGX8m8gyeXODmgy9LaLIG9v0O
EddieSoriano264@whatthefish.info,$2a$10$Mc5rsBz5D7h0fQLmeU3ZDuj1p77dDGX8m8gyeXODmgy9LaLIG9v0O
AgustinMacayo464@whatthefish.info,$2a$10$Mc5rsBz5D7h0fQLmeU3ZDuj1p77dDGX8m8gyeXODmgy9LaLIG9v0O
JuvenalMila851@whatthefish.info,$2a$10$Mc5rsBz5D7h0fQLmeU3ZDuj1p77dDGX8m8gyeXODmgy9LaLIG9v0O
ManuelPicas186@whatthefish.info,$2a$10$Mc5rsBz5D7h0fQLmeU3ZDuj1p77dDGX8m8gyeXODmgy9LaLIG9v0O
MariaDoloresGarcia215@whatthefish.info,$2a$10$Mc5rsBz5D7h0fQLmeU3ZDuj1p77dDGX8m8gyeXODmgy9LaLIG9v0O
DamianVilavedra822@whatthefish.info,$2a$10$Mc5rsBz5D7h0fQLmeU3ZDuj1p77dDGX8m8gyeXODmgy9LaLIG9v0O
FranciscoMarin23@whatthefish.info,$2a$10$Mc5rsBz5D7h0fQLmeU3ZDuj1p77dDGX8m8gyeXODmgy9LaLIG9v0O
VicenteFiguereo746@whatthefish.info,$2a$10$Mc5rsBz5D7h0fQLmeU3ZDuj1p77dDGX8m8gyeXODmgy9LaLIG9v0O
JoseLuisEstrada273@whatthefish.info,$2a$10$Mc5rsBz5D7h0fQLmeU3ZDuj1p77dDGX8m8gyeXODmgy9LaLIG9v0O
JoseTerribas51@whatthefish.info,$2a$10$Mc5rsBz5D7h0fQLmeU3ZDuj1p77dDGX8m8gyeXODmgy9LaLIG9v0O
RubenSilveira158@whatthefish.info,$2a$10$Mc5rsBz5D7h0fQLmeU3ZDuj1p77dDGX8m8gyeXODmgy9LaLIG9v0O
ElizabethCaparros364@whatthefish.info,$2a$10$Mc5rsBz5D7h0fQLmeU3ZDuj1p77dDGX8m8gyeXODmgy9LaLIG9v0O
RosaliaRey159@whatthefish.info,$2a$10$Mc5rsBz5D7h0fQLmeU3ZDuj1p77dDGX8m8gyeXODmgy9LaLIG9v0O
OtiliaValiente215@whatthefish.info,$2a$10$Mc5rsBz5D7h0fQLmeU3ZDuj1p77dDGX8m8gyeXODmgy9LaLIG9v0O
DanielAlbalat57@whatthefish.info,$2a$10$Mc5rsBz5D7h0fQLmeU3ZDuj1p77dDGX8m8gyeXODmgy9LaLIG9v0O
FranciscoCaballero438@whatthefish.info,$2a$10$Mc5rsBz5D7h0fQLmeU3ZDuj1p77dDGX8m8gyeXODmgy9LaLIG9v0O
AnnaMartinez885@whatthefish.info,$2a$10$Mc5rsBz5D7h0fQLmeU3ZDuj1p77dDGX8m8gyeXODmgy9LaLIG9v0O
NazaretCurtido649@whatthefish.info,$2a$10$Mc5rsBz5D7h0fQLmeU3ZDuj1p77dDGX8m8gyeXODmgy9LaLIG9v0O
AnaGallego443@whatthefish.info,$2a$10$Mc5rsBz5D7h0fQLmeU3ZDuj1p77dDGX8m8gyeXODmgy9LaLIG9v0O
DomingoSantos993@whatthefish.info,$2a$10$Mc5rsBz5D7h0fQLmeU3ZDuj1p77dDGX8m8gyeXODmgy9LaLIG9v0O
AlfonsoFernandez759@whatthefish.info,$2a$10$Mc5rsBz5D7h0fQLmeU3ZDuj1p77dDGX8m8gyeXODmgy9LaLIG9v0O
ConsueloMadroñal882@whatthefish.info,$2a$10$Mc5rsBz5D7h0fQLmeU3ZDuj1p77dDGX8m8gyeXODmgy9LaLIG9v0O
NicanorLopez513@whatthefish.info,$2a$10$Mc5rsBz5D7h0fQLmeU3ZDuj1p77dDGX8m8gyeXODmgy9LaLIG9v0O
AndresEduardoTorremocha207@whatthefish.info,$2a$10$Mc5rsBz5D7h0fQLmeU3ZDuj1p77dDGX8m8gyeXODmgy9LaLIG9v0O
EnzoCabrera876@whatthefish.info,$2a$10$Mc5rsBz5D7h0fQLmeU3ZDuj1p77dDGX8m8gyeXODmgy9LaLIG9v0O
MariaSanchez658@whatthefish.info,$2a$10$Mc5rsBz5D7h0fQLmeU3ZDuj1p77dDGX8m8gyeXODmgy9LaLIG9v0O
JoseMira856@whatthefish.info,$2a$10$Mc5rsBz5D7h0fQLmeU3ZDuj1p77dDGX8m8gyeXODmgy9LaLIG9v0O
FlorencioDosSantos525@whatthefish.info,$2a$10$Mc5rsBz5D7h0fQLmeU3ZDuj1p77dDGX8m8gyeXODmgy9LaLIG9v0O
MariaTeresaGonzalez323@whatthefish.info,$2a$10$Mc5rsBz5D7h0fQLmeU3ZDuj1p77dDGX8m8gyeXODmgy9LaLIG9v0O
JoseEssadik733@whatthefish.info,$2a$10$Mc5rsBz5D7h0fQLmeU3ZDuj1p77dDGX8m8gyeXODmgy9LaLIG9v0O
JaumeMartin684@whatthefish.info,$2a$10$Mc5rsBz5D7h0fQLmeU3ZDuj1p77dDGX8m8gyeXODmgy9LaLIG9v0O
FlorencioGil519@whatthefish.info,$2a$10$Mc5rsBz5D7h0fQLmeU3ZDuj1p77dDGX8m8gyeXODmgy9LaLIG9v0O
BegoñaAmengual400@whatthefish.info,$2a$10$Mc5rsBz5D7h0fQLmeU3ZDuj1p77dDGX8m8gyeXODmgy9LaLIG9v0O
ElenaHerrero671@whatthefish.info,$2a$10$Mc5rsBz5D7h0fQLmeU3ZDuj1p77dDGX8m8gyeXODmgy9LaLIG9v0O
