id_user,email,password
,mariarodriguez@whatthefish.info,changas
,carlosgonzalez@whatthefish.info,changas
,analopez@whatthefish.info,changas
,luciamartinez@whatthefish.info,changas
,pedrofernandez@whatthefish.info,changas
,luisgomez@whatthefish.info,changas
,julietaperez@whatthefish.info,changas
,robertosanchez@whatthefish.info,changas
,marcelorojas@whatthefish.info,changas
,marianolopez@whatthefish.info,changas
,miguelperez@whatthefish.info,changas
,martagarcia@whatthefish.info,changas
,estebanquiroga@whatthefish.info,changas
,marianogutierrez@whatthefish.info,changas
,sofiamartinez@whatthefish.info,changas
,carlareynoso@whatthefish.info,changas
,rodrigolopez@whatthefish.info,changas
,gabrielcastro@whatthefish.info,changas
,elenapereyra@whatthefish.info,changas
,federicomansilla@whatthefish.info,changas
,julietarivero@whatthefish.info,changas
,agustinaruiz@whatthefish.info,changas
,ignaciodominguez@whatthefish.info,changas
,matiasgonzalez@whatthefish.info,changas
,valentinatorres@whatthefish.info,changas
,lucasgimenez@whatthefish.info,changas
,nicolasmartinez@whatthefish.info,changas
,emilianovega@whatthefish.info,changas
,santiagocabrera@whatthefish.info,changas
,micaelagonzalez@whatthefish.info,changas
,diegoramirez@whatthefish.info,changas
,lucianofernandez@whatthefish.info,changas
,carlamartinez@whatthefish.info,changas
,sofialopez@whatthefish.info,changas
,robertopereyra@whatthefish.info,changas
,julietacastro@whatthefish.info,changas
,eduardovega@whatthefish.info,changas
,gabrieldiaz@whatthefish.info,changas
,carlosmendez@whatthefish.info,changas
